Time, Command
1975-03-06 10:42:32, ./symlink
2021-10-04 11:05:27, ls
2021-10-04 11:05:27, cd
2021-10-04 11:05:27, ls
2021-10-04 11:05:27, exit
2021-10-04 11:04:40, ./symlink
2021-10-04 11:04:40, ls
2021-10-04 11:04:40, exit
2021-10-04 11:04:49, ./symlink
2021-10-04 11:04:49, ls
2021-10-04 11:04:50, cd
2021-10-04 11:04:50, ls
2021-10-04 11:04:51, exit
2021-10-04 11:05:27, exit
2021-10-04 11:05:29, 2z
2021-10-04 11:05:29, ls
2021-10-04 11:05:31, vim history
2021-10-04 11:05:33, ls
2021-10-04 11:05:57, ls
2021-10-04 11:05:58, ags
2021-10-04 11:06:01, vim history
2021-10-04 11:06:04, exit
2021-10-04 13:12:30, ls
2021-10-04 13:12:50, vim
2021-10-04 13:13:29, exit
2021-10-04 13:13:31, exit
2021-10-04 13:13:34, 2
2021-10-04 13:13:35, 2a
2021-10-04 13:13:37, 2z
2021-10-04 13:13:40, vim
2021-10-04 13:13:45, exit
2021-10-04 13:15:05, ls
2021-10-04 13:15:09, ags
2021-10-04 13:15:15, exit
2021-10-04 13:15:25, ls
2021-10-04 13:15:28, exit
2021-10-04 13:15:33, ls
2021-10-04 13:15:34, 2z
2021-10-04 13:15:35, ls
2021-10-04 13:15:38, vim analyze
2021-10-04 13:22:22, vim ~/Downloads/addresses.csv
2021-10-04 13:22:26, ls
2021-10-04 13:24:02, ls
2021-10-04 13:24:05, vim zsh.csv
2021-10-04 13:24:30, cat zsh.csv
2021-10-04 13:31:03, cat zsh.csv
2021-10-04 13:32:46, ls
2021-10-04 13:32:48, vim history
2021-10-04 13:32:49, ls
2021-10-04 13:32:51, vim zsh.csv
2021-10-04 13:32:54, ls
2021-10-04 13:33:46, ls
2021-10-04 13:33:48, vim zsh.csv
2021-10-04 13:33:54, ls
2021-10-04 13:33:55, vim zsh.csv
2021-10-04 13:33:59, vim zsh.csv
2021-10-04 13:34:02, ls
2021-10-04 13:34:05, rm asdf
2021-10-04 13:34:05, ls
2021-10-04 13:43:47, ls
2021-10-04 13:43:51, rm zsh
2021-10-04 13:43:53, rm zsh.csv
2021-10-04 13:43:53, ls
2021-10-04 13:43:54, vim commands.csv
2021-10-04 13:43:56, ls
2021-10-04 13:46:06, exit
2021-10-04 13:46:08, ls
2021-10-04 13:46:11, 2z
2021-10-04 13:46:16, ls
2021-10-04 13:46:28, ls
2021-10-04 13:51:44, ls
2021-10-04 13:51:46, ls
2021-10-04 13:51:53, 2s
2021-10-04 13:52:12, sudo pacman -Syu
2021-10-04 13:53:29, exit
2021-10-04 13:53:37, ls
2021-10-04 13:53:38, exit
2021-10-04 14:01:15, ls
2021-10-04 14:01:16, 2z
2021-10-04 14:01:16, ls
2021-10-04 14:01:19, cd core
2021-10-04 14:01:19, ls
2021-10-04 14:01:21, vim history
2021-10-04 14:02:32, exit
2021-10-04 14:02:55, 2u
2021-10-04 14:02:59, 2u
2021-10-04 14:03:00, ls
2021-10-04 14:03:13, vim notes/linear-algebra.md
2021-10-04 14:07:14, 2u
2021-10-04 14:07:21, ls
2021-10-04 14:07:23, feh lesson-plan.jpg
2021-10-04 14:07:36, t
2021-10-04 14:08:58, 2z
2021-10-04 14:08:58, ls
2021-10-04 14:08:59, gs
2021-10-04 14:09:00, gaa
2021-10-04 14:09:04, gl
2021-10-04 14:09:19, gcm 'added script to convert history to csv'
2021-10-04 14:09:21, git push
2021-10-04 14:57:41, 2b
2021-10-04 14:57:41, ls
2021-10-04 14:57:43, cd blog
2021-10-04 14:57:44, ls
2021-10-04 14:57:44, out
2021-10-04 14:57:45, ls
2021-10-04 14:58:01, ./new analyzing-command-frequency
2021-10-04 15:01:01, 2b
2021-10-04 15:01:02, yd
2021-10-04 15:23:11, ls
2021-10-04 15:23:13, out
2021-10-04 15:23:13, ls
2021-10-04 15:23:15, cd lib
2021-10-04 15:23:15, ls
2021-10-04 15:23:17, rm twitter.js
2021-10-04 15:23:17, ls
2021-10-04 15:23:17, out
2021-10-04 15:23:18, ls
2021-10-04 15:23:19, cd components
2021-10-04 15:23:20, ls
2021-10-04 15:23:22, rm Tweet.js
2021-10-04 15:23:22, ls
2021-10-04 15:23:22, out
2021-10-04 15:23:23, ls
2021-10-04 15:23:23, gs
2021-10-04 15:23:26, ga 1 2 3
2021-10-04 15:23:29, gcm 'removed twitter stuff'
2021-10-04 15:23:30, ls
2021-10-04 15:23:35, vim
2021-10-04 15:23:52, vim
2021-10-04 15:24:26, ls
2021-10-04 15:24:27, gs
2021-10-04 15:24:28, gl
2021-10-04 15:24:30, gs
2021-10-04 15:24:32, ga 1
2021-10-04 15:24:35, gcan
2021-10-04 15:24:37, gl
2021-10-04 15:24:38, gs
2021-10-04 15:24:40, gp 1
2021-10-04 15:28:24, 2z
2021-10-04 15:28:24, gs
2021-10-04 15:28:25, gaa
2021-10-04 15:28:27, gcm 'up hist'
2021-10-04 15:28:28, git push
2021-10-04 15:28:32, exit
2021-10-04 15:30:10, 2z
2021-10-04 15:30:11, gs
2021-10-04 15:30:12, ls
2021-10-04 15:30:16, gs
2021-10-04 15:30:17, gaa
2021-10-04 15:30:19, gcm 'up hist'
2021-10-04 15:30:20, git push
2021-10-04 15:31:22, ls
2021-10-04 15:31:23, exit
2021-10-04 15:44:11, mv ~/Downloads/Count.png $REPOS/blog/public/photos/command-freq.png
2021-10-04 15:44:12, exit
2021-10-04 15:44:27, 2b
2021-10-04 15:44:27, ls
2021-10-04 15:44:28, out
2021-10-04 15:44:29, g
2021-10-04 15:44:30, ls
2021-10-04 15:44:33, identify command-freq.png
2021-10-04 15:44:53, exit
2021-10-04 15:47:53, 2q
2021-10-04 15:47:55, git pull
2021-10-04 15:48:01, exit
2021-10-04 15:48:31, ls
2021-10-04 15:48:32, gs
2021-10-04 15:48:33, gaa
2021-10-04 15:48:41, gcm 'wrote article on analyzing command frequency in zsh'
2021-10-04 15:48:42, git push
2021-10-04 15:48:46, gl
2021-10-04 15:48:49, gb
2021-10-04 15:48:52, gb -d tags
2021-10-04 15:48:56, gb -D tags
2021-10-04 15:49:01, git push -d origin tags
2021-10-04 15:49:05, ls
2021-10-04 15:49:08, gco main
2021-10-04 15:49:10, gco master
2021-10-04 15:49:11, ls
2021-10-04 15:49:13, gb -d main
2021-10-04 15:49:16, gb
2021-10-04 15:49:20, git push -d origin main
2021-10-04 15:49:27, ls
2021-10-04 15:49:28, out
2021-10-04 15:49:29, ls
2021-10-04 15:49:31, ags
2021-10-04 15:49:32, 2z
2021-10-04 15:49:33, gs
2021-10-04 15:49:35, exit
2021-10-04 15:49:39, exit
2021-10-04 15:50:19, 2z
2021-10-04 15:50:20, ls
2021-10-04 15:50:22, vim analyze
2021-10-04 15:50:28, vim history
2021-10-04 15:50:50, ls
2021-10-04 15:50:51, gs
2021-10-04 15:50:54, ./analyze
2021-10-04 15:50:56, gs
2021-10-04 15:50:57, gaa
2021-10-05 01:02:40, 2u
2021-10-05 01:02:41, ls
2021-10-05 01:02:46, history -E
2021-10-05 01:02:54, ed z
2021-10-05 01:03:05, 2z
2021-10-05 01:03:05, ls
2021-10-05 01:03:07, vim history
2021-10-05 01:03:16, exit
2021-10-05 01:03:21, 2u
2021-10-05 01:03:22, ls
2021-10-05 01:03:24, cd tutorials
2021-10-05 01:03:24, ls
2021-10-05 01:03:34, mv ~/Downloads/Tutorial\ 3.pdf tut-3.pdf
2021-10-05 01:03:34, ls
2021-10-05 01:03:53, mv ~/Downloads/Tutorial\ 4.pdf tut-4.pdf
2021-10-05 01:03:53, ls
2021-10-05 01:03:55, gs
2021-10-05 01:03:55, ga
2021-10-05 01:03:56, gaa
2021-10-05 01:04:09, gcm 'added GEA1000 tutorial pdfs'
2021-10-05 01:04:10, git push
2021-10-05 01:05:01, out
2021-10-05 01:05:02, ls
2021-10-05 01:05:04, cd materials
2021-10-05 01:05:04, ls
2021-10-05 01:05:08, out
2021-10-05 01:05:09, gs
2021-10-05 01:05:10, ls
2021-10-05 01:05:11, cd lectures
2021-10-05 01:05:12, ls
2021-10-05 01:05:12, out
2021-10-05 01:05:13, ls
2021-10-05 01:05:14, cd project
2021-10-05 01:05:15, ls
2021-10-05 01:05:22, xdg-open gea1000-project-2122-s1.pdf
2021-10-05 01:05:25, open gea1000-project-2122-s1.pdf
2021-10-05 01:07:01, ls
2021-10-05 01:09:11, out
2021-10-05 01:09:11, vf
2021-10-05 01:11:42, mv ~/Downloads/Chapter\ 4\ Part\ 2.pdf repos/uni/nightly/modules/GEA1000/lectures/chapter-4.2.pdf
2021-10-05 01:11:44, 2u
2021-10-05 01:11:46, gs
2021-10-05 01:11:47, gaa
2021-10-05 01:11:55, gcm 'added chapter 4.2 lecture GEA1000'
2021-10-05 01:11:56, git push
2021-10-05 01:12:08, exit
2021-10-05 01:12:41, ed t
2021-10-05 01:14:05, vim speedrun2.md
2021-10-05 01:15:02, ed z
2021-10-05 01:15:23, exit
2021-10-05 01:15:33, 2u
2021-10-05 01:15:34, 2u
2021-10-05 01:15:35, ls
2021-10-05 01:15:50, vim speedrun2.md
2021-10-05 02:19:46, gs
2021-10-05 02:19:47, gaa
2021-10-05 02:19:57, gcm 'wrote chapter 3 for GEA1000 speedrun2\
2021-10-05 02:19:58, git push
2021-10-05 02:35:27, ed z
2021-10-05 02:35:35, exit
2021-10-05 03:08:04, cal
2021-10-05 03:08:09, cal -n -2
2021-10-05 03:08:12, cal 0n 2
2021-10-05 03:08:15, cal -n 2
2021-10-05 03:08:20, cal --help
2021-10-05 03:08:29, cal -B 4
2021-10-05 03:08:34, cal -A 2
2021-10-05 03:08:42, cal -B 1 -A 1
2021-10-05 03:56:29, exit
2021-10-05 03:57:46, ls
2021-10-05 03:57:48, rep
2021-10-05 03:57:49, ls
2021-10-05 03:58:06, git clone git@github.com
2021-10-05 03:59:11, 2q
2021-10-05 03:59:12, 2k
2021-10-05 03:59:15, gco iris
2021-10-05 03:59:16, 2k
2021-10-05 03:59:17, ls
2021-10-05 03:59:23, vim config.h
2021-10-05 03:59:51, vim colors.h
2021-10-05 04:01:17, ls
2021-10-05 04:01:22, gs
2021-10-05 04:01:25, gaa
2021-10-05 04:01:29, gs
2021-10-05 04:01:35, gr 2
2021-10-05 04:02:16, gd
2021-10-05 04:02:23, ls
2021-10-05 04:02:27, gs
2021-10-05 04:02:31, gcp 3
2021-10-05 04:02:36, gap 3
2021-10-05 04:03:06, gs
2021-10-05 04:03:16, gcm 'added GPL license'
2021-10-05 04:03:17, gs
2021-10-05 04:03:19, gaa
2021-10-05 04:03:26, gcm 'removed redundant undef line'
2021-10-05 04:03:27, git push
2021-10-05 04:04:21, ls
2021-10-05 04:04:23, gs
2021-10-05 04:17:44, 2b
2021-10-05 04:17:45, ls
2021-10-05 04:17:47, rep
2021-10-05 04:17:55, git clone git@github.com
2021-10-05 04:18:24, 2b
2021-10-05 04:18:26, ls
2021-10-05 04:18:31, out
2021-10-05 04:18:33, ls
2021-10-05 04:18:37, vim scripts
2021-10-05 04:18:41, ls
2021-10-05 04:18:45, vim .nvmrc
2021-10-05 04:18:47, ls
2021-10-05 04:18:52, cd lib
2021-10-05 04:18:52, ls
2021-10-05 04:18:54, vim fetcher.js
2021-10-05 04:18:57, ls
2021-10-05 04:18:59, cd google
2021-10-05 04:18:59, ls
2021-10-05 04:19:01, vim auth.js
2021-10-05 04:19:13, ls
2021-10-05 04:19:14, out
2021-10-05 04:19:18, rm -rf google
2021-10-05 04:19:21, gb
2021-10-05 04:19:24, gb -a
2021-10-05 04:19:27, ls
2021-10-05 04:19:29, yarn lint
2021-10-05 04:19:32, out
2021-10-05 04:19:33, yarn
2021-10-05 04:20:36, yarn lint
2021-10-05 04:20:44, ls
2021-10-05 04:20:44, gs
2021-10-05 04:20:45, gaa
2021-10-05 04:20:50, gcm 'remove google auth'
2021-10-05 04:20:52, ls
2021-10-05 04:20:54, cd lib
2021-10-05 04:20:54, ls
2021-10-05 04:20:57, vim planetscale.js
2021-10-05 04:21:00, rm planetscale.js
2021-10-05 04:21:00, ls
2021-10-05 04:21:02, vim session.js
2021-10-05 04:21:09, ls
2021-10-05 04:21:12, rm session.js
2021-10-05 04:21:13, ls
2021-10-05 04:21:16, rm fetcher.js
2021-10-05 04:21:18, yarn lint
2021-10-05 04:21:26, gs
2021-10-05 04:21:28, gaa
2021-10-05 04:21:32, gcm 'remove unused libraries\
2021-10-05 04:21:35, git push
2021-10-05 04:22:22, out
2021-10-05 04:22:23, rg fetcher
2021-10-05 04:22:32, ls
2021-10-05 04:22:32, cd lib
2021-10-05 04:22:33, ls
2021-10-05 04:22:37, gco dev
2021-10-05 04:22:38, ls
2021-10-05 04:22:49, mv fetcher.js ../../
2021-10-05 04:22:52, gco master
2021-10-05 04:22:53, ls
2021-10-05 04:22:55, mv ../../fetcher.js .
2021-10-05 04:22:56, ls
2021-10-05 04:22:58, gs
2021-10-05 04:22:58, gaaa
2021-10-05 04:22:59, ga
2021-10-05 04:23:00, gaa
2021-10-05 04:23:04, gcm 'added back fetcher'
2021-10-05 04:23:05, git push
2021-10-05 04:23:42, cd ../pages/api
2021-10-05 04:23:42, ls
2021-10-05 04:23:46, rg session
2021-10-05 04:23:48, vim user.js
2021-10-05 04:23:53, rm user.js
2021-10-05 04:23:53, ls
2021-10-05 04:23:54, gs
2021-10-05 04:23:54, gaa
2021-10-05 04:23:56, gcm 'remove user'
2021-10-05 04:23:59, git push
2021-10-05 04:24:38, out
2021-10-05 04:24:38, out
2021-10-05 04:24:39, lgs
2021-10-05 04:24:39, ls
2021-10-05 04:24:48, vim LICENSE.txt
2021-10-05 04:24:50, ls
2021-10-05 04:24:52, vim LICENSE.txt
2021-10-05 04:24:55, ls
2021-10-05 04:24:56, cd pages
2021-10-05 04:24:56, ls
2021-10-05 04:25:09, rm small.js
2021-10-05 04:25:09, gs
2021-10-05 04:25:10, gaa
2021-10-05 04:25:14, gcm 'removed workfile'
2021-10-05 04:25:15, git pus
2021-10-05 04:25:18, git push
2021-10-05 04:25:21, ls
2021-10-05 04:25:23, cd api
2021-10-05 04:25:24, ls
2021-10-05 04:25:38, vim now-playing.js
2021-10-05 04:26:05, out
2021-10-05 04:26:06, out
2021-10-05 04:26:06, ls
2021-10-05 04:26:09, cd layouts
2021-10-05 04:26:09, ls
2021-10-05 04:26:11, vim blog.js
2021-10-05 04:26:38, ls
2021-10-05 04:26:39, out
2021-10-05 04:26:39, ls
2021-10-05 04:26:42, cd components
2021-10-05 04:26:42, ls
2021-10-05 04:26:54, cd metrics
2021-10-05 04:26:55, ls
2021-10-05 04:26:57, vim Card.js
2021-10-05 04:27:30, ls
2021-10-05 04:27:31, out
2021-10-05 04:27:34, rm -rf metrix
2021-10-05 04:27:38, rm -rf metriccs
2021-10-05 04:27:40, rm -rf metrics
2021-10-05 04:27:41, gs
2021-10-05 04:27:43, gs
2021-10-05 04:27:44, gaa
2021-10-05 04:27:51, gcm 'removed metrics'
2021-10-05 04:27:52, git push
2021-10-05 04:27:59, ls
2021-10-05 04:32:37, out
2021-10-05 04:32:37, ls
2021-10-05 04:32:39, cd components
2021-10-05 04:32:39, ls
2021-10-05 04:32:41, vim Con
2021-10-05 04:32:44, vim Container.js
2021-10-05 04:33:54, ls
2021-10-05 04:33:59, rg ConsCard
2021-10-05 04:34:10, rm ConsCard.js
2021-10-05 04:34:13, vim MDXComponents.js
2021-10-05 04:34:20, ls
2021-10-05 04:34:22, rm ProsCard.js
2021-10-05 04:34:22, ls
2021-10-05 04:34:25, vim MDXComponents.js
2021-10-05 04:34:27, ls
2021-10-05 04:34:29, gs
2021-10-05 04:34:30, gaa
2021-10-05 04:34:34, gcm 'removed Pros and Cons Card'
2021-10-05 04:34:35, git push
2021-10-05 04:35:12, ls
2021-10-05 04:35:20, gco -b clean
2021-10-05 04:35:22, ls
2021-10-05 04:35:28, rg LoadingSpinner
2021-10-05 04:35:32, rm LoadingSpinner.js
2021-10-05 04:35:32, ls
2021-10-05 04:35:39, rg FunctionCard
2021-10-05 04:35:41, rm FunctionCard.js
2021-10-05 04:35:41, ls
2021-10-05 04:35:49, out
2021-10-05 04:36:00, 2b
2021-10-05 04:36:01, out
2021-10-05 04:36:03, rg FunctionCard
2021-10-05 04:36:09, gs
2021-10-05 04:36:14, git reset --hard
2021-10-05 04:36:15, ls
2021-10-05 04:36:15, gs
2021-10-05 04:36:18, ls components
2021-10-05 04:36:22, rg LoadingSpinner
2021-10-05 04:36:31, rm components/LoadingSpinner.js
2021-10-05 04:36:37, rg ErrorMessage
2021-10-05 04:36:49, rm components/ErrorMessage.js
2021-10-05 04:36:50, ls
2021-10-05 04:36:53, ls components
2021-10-05 04:36:57, rg Step
2021-10-05 04:37:06, rg ViewCounter
2021-10-05 04:37:59, rm components/Vi
2021-10-05 04:38:01, rm components/ViewCounter.js
2021-10-05 04:38:01, ls
2021-10-05 04:38:07, ls components
2021-10-05 04:38:15, rg FunctionCard
2021-10-05 04:38:22, rg ProjectCard
2021-10-05 04:38:27, rm components/ProjectCard.js
2021-10-05 04:38:27, ls
2021-10-05 04:38:37, rg SuccessMessage
2021-10-05 04:38:40, rm components/SuccessMessage.js
2021-10-05 04:38:41, ls
2021-10-05 04:38:42, ls components
2021-10-05 04:38:53, rg VideoCard
2021-10-05 04:38:56, rm components/VideoCard.js
2021-10-05 04:38:57, ls
2021-10-05 04:38:59, ls components
2021-10-05 04:39:06, rg ImageWithTheme
2021-10-05 04:39:20, gs
2021-10-05 04:39:21, gaa
2021-10-05 04:39:25, gcm 'removed unused components'
2021-10-05 04:39:29, gco master
2021-10-05 04:39:31, git merge clean
2021-10-05 04:39:32, git push
2021-10-05 04:40:56, ls
2021-10-05 04:40:59, ag bg
2021-10-05 04:41:00, ls
2021-10-05 04:41:02, vim tailwind.config.js
2021-10-05 04:41:11, vim
2021-10-05 04:41:21, exit
2021-10-05 04:41:46, rg background
2021-10-05 04:41:58, vim components/MDXComponents.js
2021-10-05 04:42:02, ls
2021-10-05 04:44:13, rg bg-
2021-10-05 04:44:29, vim pages/_document.js
2021-10-05 04:45:16, yd
2021-10-05 04:46:29, 2b
2021-10-05 04:46:30, ls
2021-10-05 04:46:33, out
2021-10-05 04:46:34, vim
2021-10-05 04:47:05, yd
2021-10-05 04:47:55, ls
2021-10-05 04:47:57, cd pages
2021-10-05 04:47:57, ls
2021-10-05 04:48:00, vim _app.js
2021-10-05 04:48:03, ls
2021-10-05 04:48:07, vim index.js
2021-10-05 05:01:09, ls
2021-10-05 05:01:10, vim
2021-10-05 05:02:27, gs
2021-10-05 05:02:27, gaa
2021-10-05 05:02:37, gcm 'reduced contrast'
2021-10-05 05:02:40, git push
2021-10-05 05:04:18, ls
2021-10-05 05:04:20, vim
2021-10-05 05:05:32, gs
2021-10-05 05:05:33, gaa
2021-10-05 05:05:36, gcm 'increased brightness'
2021-10-05 05:05:37, git push
2021-10-05 05:07:09, out
2021-10-05 05:07:09, la
2021-10-05 05:09:27, vim
2021-10-05 05:11:45, gs
2021-10-05 05:11:49, gaa
2021-10-05 05:12:04, vim
2021-10-05 05:14:09, gs
2021-10-05 05:14:10, gaa
2021-10-05 05:14:15, gcm 'adjusted index page margins'
2021-10-05 05:14:16, git push
2021-10-05 05:16:50, vim
2021-10-05 05:17:32, gs
2021-10-05 05:17:34, ga
2021-10-05 05:17:35, ga
2021-10-05 05:17:35, gaa
2021-10-05 05:17:36, gcan
2021-10-05 05:17:40, git push --force
2021-10-05 05:26:34, gs
2021-10-05 05:26:38, ags
2021-10-05 05:26:43, 2z
2021-10-05 05:26:43, gs
2021-10-05 05:26:43, gd
2021-10-05 05:26:47, ls
2021-10-05 05:26:48, gs
2021-10-05 05:26:50, gd 1
2021-10-05 05:26:51, gaa
2021-10-05 05:27:02, gs
2021-10-05 05:27:04, gaa
2021-10-06 15:26:45, gs
2021-10-06 15:26:56, git push
2021-10-06 15:27:06, vim brew/edits
2021-10-06 15:27:12, gs
2021-10-06 15:27:13, gaa
2021-10-06 15:27:18, gcm 'updated dotfiles path'
2021-10-06 15:27:19, git push
2021-10-06 15:35:13, sudo pacman -S mkv
2021-10-06 15:35:41, sudo pacman -S mpv
2021-10-06 15:35:47, sudo pacman -Syu
2021-10-06 15:36:44, mpv
2021-10-06 15:37:50, exit
2021-10-06 15:37:52, exit
2021-10-06 15:37:53, exit
2021-10-06 15:37:57, exit
2021-10-06 15:37:58, exit
2021-10-06 15:38:14, pip install git+git
2021-10-06 15:38:27, sudo pip install git+git
2021-10-06 15:38:36, pip3 install git+git
2021-10-06 15:38:49, which pip
2021-10-06 15:39:58, ls
2021-10-06 15:40:01, cd Pictures
2021-10-06 15:40:01, ls
2021-10-06 15:40:01, out
2021-10-06 15:40:02, ls
2021-10-06 15:40:04, cd Pictures
2021-10-06 15:40:04, ls
2021-10-06 15:40:05, cd specials
2021-10-06 15:40:06, ls
2021-10-06 15:40:09, mpv hcanoe-
2021-10-06 15:40:11, mpv hcanoe-2018-boomerang.mp4
2021-10-06 15:40:25, sudo pacman -Rnsu mpv
2021-10-06 15:40:55, ls
2021-10-06 15:40:56, ls
2021-10-06 15:41:15, ls /var/cache/pacman/pkg
2021-10-06 15:41:55, du -sh /var/cache/pacman/pkg
2021-10-06 15:41:59, n
2021-10-06 15:42:08, ls
2021-10-06 15:42:09, 2n
2021-10-06 15:42:09, ls
2021-10-06 15:42:10, cd posts
2021-10-06 15:42:10, ls
2021-10-06 15:42:14, 2a
2021-10-06 15:42:15, ls
2021-10-06 15:42:16, cd manuals
2021-10-06 15:42:17, ls
2021-10-06 15:42:19, vim maintenance.md
2021-10-06 15:43:54, pacman -Sc
2021-10-06 15:43:56, sudo pacman -Sc
2021-10-06 15:44:16, gs
2021-10-06 15:44:17, gaa
2021-10-06 15:44:35, gcm 'added maintenance notes'
2021-10-06 15:44:36, git push
2021-10-06 15:44:38, ags
2021-10-06 15:44:40, 2v
2021-10-06 15:44:40, gs
2021-10-06 15:44:41, gd
2021-10-06 15:44:42, gaa
2021-10-06 15:44:54, gcm 'made gf back to normal, gF to open file in vertical split'
2021-10-06 15:44:54, git push
2021-10-06 15:44:56, ags
2021-10-06 15:44:57, 2n
2021-10-06 15:44:57, gs
2021-10-06 15:44:58, gaa
2021-10-06 15:44:59, gcm 'up'
2021-10-06 15:45:00, git push
2021-10-06 15:45:04, 2z
2021-10-06 15:45:05, gaa
2021-10-06 15:45:07, gcm 'up'
2021-10-06 15:45:08, git push
2021-10-06 15:45:12, ls
2021-10-06 15:45:20, exit
2021-10-06 15:45:21, exit
2021-10-07 00:16:24, ldwm
2021-10-07 00:17:34, 2g
2021-10-07 00:17:40, cd /run/media
2021-10-07 00:17:40, ls
2021-10-07 00:17:41, ls
2021-10-07 00:18:22, sudo pacman -S android-file-transfer
2021-10-07 00:18:40, ls
2021-10-07 00:18:52, out
2021-10-07 00:18:52, out
2021-10-07 00:18:53, cd nt
2021-10-07 00:18:55, cd mnt
2021-10-07 00:18:56, ls
2021-10-07 00:19:06, aft-mtp-mount ~/mnt
2021-10-07 00:19:12, aft-mtp-mount ~/mnt
2021-10-07 00:19:17, cd ~/mnt
2021-10-07 00:19:17, l
2021-10-07 00:19:19, cd
2021-10-07 00:19:19, ls
2021-10-07 00:19:28, mkdir mnt
2021-10-07 00:19:32, aft-mtp-mount ~/mnt
2021-10-07 00:19:35, ls
2021-10-07 00:19:36, cd mnt
2021-10-07 00:19:37, ls
2021-10-07 00:19:39, cd Phone
2021-10-07 00:19:39, ls
2021-10-07 00:19:47, cd files
2021-10-07 00:19:48, ls
2021-10-07 00:19:57, mkdir mum-phone-backu
2021-10-07 00:20:01, mv mum-phone-backu mum-phone-backup
2021-10-07 00:20:01, ls
2021-10-07 00:20:02, cd mum-phone-backup
2021-10-07 00:20:03, ls
2021-10-07 00:20:11, cd Pictures
2021-10-07 00:20:11, ls
2021-10-07 00:20:13, out
2021-10-07 00:20:14, ls
2021-10-07 00:20:18, cd DCIM
2021-10-07 00:20:18, ls
2021-10-07 00:20:20, cd Camera
2021-10-07 00:20:25, ls
2021-10-07 00:20:27, out
2021-10-07 00:20:27, out
2021-10-07 00:20:52, pv
2021-10-07 00:21:43, ls
2021-10-07 00:21:51, aft-mtp-mount ~/mnt
2021-10-07 00:22:07, aft-mtp-mount ~/mnt
2021-10-07 00:22:12, out
2021-10-07 00:22:13, out
2021-10-07 00:22:15, rm -rf mnt
2021-10-07 00:22:20, ls
2021-10-07 00:22:27, mkdir mnt
2021-10-07 00:22:31, rm mnt
2021-10-07 00:22:37, ls
2021-10-07 00:23:04, fusermount -uz nmt
2021-10-07 00:23:07, fusermount -uz mnt
2021-10-07 00:23:13, mkdir mnt
2021-10-07 00:23:18, rm -rf mnt
2021-10-07 00:23:19, ls
2021-10-07 00:23:20, mkdir mnt
2021-10-07 00:23:21, ls
2021-10-07 00:23:22, cd mnt
2021-10-07 00:23:22, ls
2021-10-07 00:23:42, aft-mtp-mount ~/mnt
2021-10-07 00:23:52, rsync -ah --progress ~/mnt/Phone/DCIM/ DCIM
2021-10-07 00:26:54, fusermount -uz .
2021-10-07 00:26:55, out
2021-10-07 00:26:59, fusermount -uz mnt
2021-10-07 00:27:02, mkdir mnt
2021-10-07 00:27:05, rm mnt
2021-10-07 00:27:08, rm -rf mnt
2021-10-07 00:27:11, mkdir mnt
2021-10-07 00:27:43, aft-mtp-mount ~/mnt
2021-10-07 00:27:52, rsync -ah --progress ~/mnt/Phone/DCIM/ DCIM
2021-10-07 00:27:59, rsync -ah --progress ~/mnt/Phone/DCIM/ DCIM
2021-10-07 00:31:23, ls
2021-10-07 00:31:26, cd mnt
2021-10-07 00:31:27, ls
2021-10-07 00:31:28, cd Phone
2021-10-07 00:31:29, ls
2021-10-07 00:31:31, cd Download
2021-10-07 00:31:32, ls
2021-10-07 00:31:50, rsync -ah --progress ~/mnt/Phone/Download Download
2021-10-07 00:31:53, out
2021-10-07 00:31:53, ls
2021-10-07 00:31:57, cd Documents
2021-10-07 00:31:57, ls
2021-10-07 00:32:04, rsync -ah --progress ~/mnt/Phone/Documents .
2021-10-07 00:32:07, ls
2021-10-07 00:32:09, out
2021-10-07 00:32:09, ls
2021-10-07 00:32:12, cd Android
2021-10-07 00:32:13, ls
2021-10-07 00:32:14, out
2021-10-07 00:32:15, ls
2021-10-07 00:32:17, cd Alarms
2021-10-07 00:32:17, ls
2021-10-07 00:32:18, out
2021-10-07 00:32:19, l
2021-10-07 00:32:20, ls
2021-10-07 00:32:25, ls Music
2021-10-07 00:32:27, ls
2021-10-07 00:32:30, ls media
2021-10-07 00:32:33, ls Samsung
2021-10-07 00:32:33, ls
2021-10-07 00:32:34, ls
2021-10-07 00:32:36, cd Samsung
2021-10-07 00:32:37, ls
2021-10-07 00:32:38, out
2021-10-07 00:32:39, ls
2021-10-07 00:32:43, feh
2021-10-07 00:32:58, rsync -ah --progress ~/mnt/Phone/20140503_113934.jpg .
2021-10-07 00:32:59, ls
2021-10-07 00:33:10, cd Pictures
2021-10-07 00:33:17, ls
2021-10-07 00:33:28, cd
2021-10-07 00:33:57, cd && fusermount -uz ~/mnt && rm -rf mnt && mkdir ~/mnt && aft-mtp-mount ~/mnt
2021-10-07 00:34:11, cd && fusermount -uz ~/mnt && rm -rf mnt && mkdir ~/mnt && aft-mtp-mount ~/mnt
2021-10-07 00:34:18, aft-mtp-mount ~/mnt
2021-10-07 00:34:29, aft-mtp-mount ~/mnt
2021-10-07 00:34:44, rm -rf mnt
2021-10-07 00:34:46, mkdir mnt
2021-10-07 00:34:48, aft-mtp-mount ~/mnt
2021-10-07 00:35:02, aft-mtp-mount ~/mnt
2021-10-07 00:35:11, cd mnt/Phone/
2021-10-07 00:35:11, ls
2021-10-07 00:35:13, cd LazyList
2021-10-07 00:35:13, ls
2021-10-07 00:35:14, out
2021-10-07 00:35:14, ls
2021-10-07 00:35:17, cd Pictures
2021-10-07 00:35:17, ls
2021-10-07 00:35:26, rsync -ah --progress ~/mnt/Phone/Pictures .
2021-10-07 00:35:28, ut
2021-10-07 00:35:28, out
2021-10-07 00:35:29, ls
2021-10-07 00:35:34, cd Movies
2021-10-07 00:35:34, ls
2021-10-07 00:35:35, out
2021-10-07 00:35:42, cd tencent
2021-10-07 00:35:42, ls
2021-10-07 00:35:43, out
2021-10-07 00:35:43, ls
2021-10-07 00:35:47, rg notes
2021-10-07 00:41:58, ls
2021-10-07 00:42:05, out
2021-10-07 00:42:05, out
2021-10-07 00:42:11, fusermount -uz mnt
2021-10-07 00:42:13, rm -rf mnt
2021-10-07 00:42:16, mkdir mnt
2021-10-07 00:42:18, aft-mtp-mount ~/mnt
2021-10-07 00:42:24, cd mnt/Phone/
2021-10-07 00:42:25, ls
2021-10-07 00:42:27, cd Documents
2021-10-07 00:42:27, ls
2021-10-07 00:42:31, ls
2021-10-07 00:42:56, rsync -ah --progress ~/mnt/Phone/Documents .
2021-10-07 00:42:58, ls
2021-10-07 00:43:01, cd Documents
2021-10-07 00:43:02, ls
2021-10-07 00:43:16, fd .sdocx .
2021-10-07 00:43:23, fd .sdocx . | wc -l
2021-10-07 00:48:21, exit
2021-10-07 00:48:23, exit
2021-10-07 03:59:55, ldwm
2021-10-07 03:59:58, 2h
2021-10-07 03:59:58, ls
2021-10-07 04:00:02, cd paddling
2021-10-07 04:00:02, ls
2021-10-07 04:00:11, cd src
2021-10-07 04:00:12, ls
2021-10-07 04:00:19, out
2021-10-07 04:00:19, ls
2021-10-07 04:00:21, cd src
2021-10-07 04:00:21, ls
2021-10-07 04:00:22, cd components
2021-10-07 04:00:22, ls
2021-10-07 04:00:37, out
2021-10-07 04:00:38, ls
2021-10-07 04:00:42, 2b
2021-10-07 04:00:42, ls
2021-10-07 04:00:44, out
2021-10-07 04:00:44, ls
2021-10-07 04:00:46, cd lib
2021-10-07 04:00:46, ls
2021-10-07 04:00:47, out
2021-10-07 04:00:47, ls
2021-10-07 04:00:51, cd pages/api
2021-10-07 04:00:51, ls
2021-10-07 04:00:53, vim github.js
2021-10-07 04:01:10, ls
2021-10-07 04:01:11, out
2021-10-07 04:01:12, ls
2021-10-07 04:01:12, out
2021-10-07 04:01:13, ls
2021-10-07 04:01:14, vim
2021-10-07 04:02:13, out
2021-10-07 04:02:13, ls
2021-10-07 04:02:15, cd pages
2021-10-07 04:02:16, ls
2021-10-07 04:02:19, cd \[year\]
2021-10-07 04:02:20, ls
2021-10-07 04:02:21, cd \[user\]
2021-10-07 04:02:21, ls
2021-10-07 04:02:23, vim \[trainingType\].tsx
2021-10-07 04:03:01, 2r
2021-10-07 04:03:01, yarn
2021-10-07 04:03:10, ls
2021-10-07 04:03:14, gl
2021-10-07 04:03:19, gb
2021-10-07 04:03:29, gb -d strength
2021-10-07 04:03:33, git push -d origin strength
2021-10-07 04:03:41, gb -d docs
2021-10-07 04:03:44, git push -d origin docs
2021-10-07 04:03:51, git fetch
2021-10-07 04:04:05, gb
2021-10-07 04:04:09, gl
2021-10-07 04:04:11, gco team
2021-10-07 04:04:11, gl
2021-10-07 04:04:19, gco paddling
2021-10-07 04:04:20, gl 100
2021-10-07 04:04:27, gb -d team
2021-10-07 04:04:28, gl
2021-10-07 04:04:30, gb
2021-10-07 04:04:47, gl
2021-10-07 04:04:48, gs
2021-10-07 04:04:49, ls
2021-10-07 04:04:55, cd pages
2021-10-07 04:04:56, ls
2021-10-07 04:05:04, cd \[year\]
2021-10-07 04:05:04, ls
2021-10-07 04:05:06, cd \[user\]
2021-10-07 04:05:06, ls
2021-10-07 04:05:08, vim \[trainingType\].tsx
2021-10-07 04:05:14, out
2021-10-07 04:05:14, out
2021-10-07 04:05:15, out
2021-10-07 04:05:15, out
2021-10-07 04:05:16, ls
2021-10-07 04:05:17, cd paddling
2021-10-07 04:05:17, ls
2021-10-07 04:05:24, vim package.json
2021-10-07 04:05:34, exit
2021-10-07 04:05:37, vim
2021-10-07 04:06:34, ls
2021-10-07 04:06:35, gs
2021-10-07 04:06:37, ls
2021-10-07 04:06:41, gco .
2021-10-07 04:06:41, ls
2021-10-07 04:06:45, 2h
2021-10-07 04:06:45, yd
2021-10-07 04:06:50, cd paddling
2021-10-07 04:06:51, yd
2021-10-07 04:07:02, t
2021-10-07 04:07:09, ls
2021-10-07 04:07:18, rg root
2021-10-07 04:07:26, vim tsconfig.json
2021-10-07 04:07:31, ls
2021-10-07 04:07:38, vim tsconfig.json
2021-10-07 04:08:43, ls
2021-10-07 04:08:46, mkdir lib
2021-10-07 04:08:46, ls
2021-10-07 04:08:52, rmdir lib
2021-10-07 04:08:57, mv src/utils lib
2021-10-07 04:08:57, ls
2021-10-07 04:09:01, mv src/components .
2021-10-07 04:09:01, ls
2021-10-07 04:09:03, cd src
2021-10-07 04:09:03, ls
2021-10-07 04:09:05, out
2021-10-07 04:09:08, mv src/styles .
2021-10-07 04:09:08, ls
2021-10-07 04:09:12, cd src
2021-10-07 04:09:12, ls
2021-10-07 04:09:49, cd types
2021-10-07 04:09:49, ls
2021-10-07 04:09:50, out
2021-10-07 04:09:51, out
2021-10-07 04:09:51, ls
2021-10-07 04:09:52, cd lib
2021-10-07 04:09:52, ls
2021-10-07 04:10:00, out
2021-10-07 04:10:00, ls
2021-10-07 04:10:02, cd src
2021-10-07 04:10:03, ls
2021-10-07 04:10:05, vim global.d.ts
2021-10-07 04:10:15, ls
2021-10-07 04:10:20, vim main.ts types/types.ts
2021-10-07 04:10:33, ls
2021-10-07 04:10:42, mv types/types.ts ../lib
2021-10-07 04:10:44, ls
2021-10-07 04:10:46, lt
2021-10-07 04:10:48, rm -rf types
2021-10-07 04:10:49, ls
2021-10-07 04:10:57, mv global.d.ts ../lib
2021-10-07 04:10:57, ls
2021-10-07 04:11:09, mv main.ts ../lib
2021-10-07 04:11:10, ls
2021-10-07 04:11:10, out
2021-10-07 04:11:10, ls
2021-10-07 04:11:12, rm -rf src
2021-10-07 04:11:12, ls
2021-10-07 04:11:15, ls
2021-10-07 04:11:17, vim tsconfig.json
2021-10-07 04:11:30, ls
2021-10-07 04:11:33, vim tsconfig.json
2021-10-07 04:11:37, ls
2021-10-07 04:11:40, vim pa
2021-10-07 04:11:42, vim pages
2021-10-07 04:12:58, ls
2021-10-07 04:13:11, vim
2021-10-07 04:13:37, yd
2021-10-07 04:14:07, ls
2021-10-07 04:14:08, cd pages
2021-10-07 04:14:09, ls
2021-10-07 04:14:15, cd \[year\]/\[user\]
2021-10-07 04:14:15, ls
2021-10-07 04:14:18, lt
2021-10-07 04:14:18, out
2021-10-07 04:14:19, out
2021-10-07 04:14:19, lt
2021-10-07 04:14:20, lt
2021-10-07 04:14:22, lt 2
2021-10-07 04:14:23, lt 3
2021-10-07 04:14:32, vim
2021-10-07 04:16:15, ls
2021-10-07 04:16:17, vim
2021-10-07 04:18:42, vim
2021-10-07 04:19:51, vim
2021-10-07 04:20:23, yd
2021-10-07 04:21:25, ls
2021-10-07 04:21:26, out
2021-10-07 04:21:27, ls
2021-10-07 04:21:37, cp ../.env.local .
2021-10-07 04:21:37, ls
2021-10-07 04:21:41, yd
2021-10-07 04:22:21, ls
2021-10-07 04:22:22, vim
2021-10-07 04:26:14, ls
2021-10-07 04:26:15, vim
2021-10-07 04:26:22, gs
2021-10-07 04:26:24, gaa
2021-10-07 04:26:28, gcm 'moved folders around'
2021-10-07 04:26:29, ls
2021-10-07 04:26:30, vim
2021-10-07 05:33:28, vim
2021-10-07 05:44:15, gs
2021-10-07 05:44:17, gl
2021-10-07 05:44:22, gaa
2021-10-07 05:44:26, gcm 'added permanent logs'
2021-10-07 05:44:29, git push
2021-10-07 05:45:08, ls
2021-10-07 05:45:31, cd styles
2021-10-07 05:45:32, ls
2021-10-07 05:45:33, out
2021-10-07 05:45:33, ls
2021-10-07 05:45:34, exit
2021-10-07 05:47:41, exit
2021-10-07 05:49:33, n
2021-10-07 06:58:46, ls
2021-10-07 06:58:49, vim idea
2021-10-07 07:01:01, gs
2021-10-07 07:01:01, gaa
2021-10-07 07:01:04, gcm 'added new idea'
2021-10-07 07:01:05, git push
2021-10-07 07:06:42, exit
2021-10-07 07:06:46, shutdown now
2021-10-07 08:04:56, ldwm
2021-10-07 08:17:24, 2n
2021-10-07 08:17:26, cd
2021-10-07 08:17:28, cd files/p
2021-10-07 08:17:31, cd files/python
2021-10-07 08:17:31, ls
2021-10-07 08:17:37, mkdir credit-suisse
2021-10-07 08:17:37, ls
2021-10-07 08:17:38, cd credit-suisse
2021-10-07 08:17:39, ls
2021-10-07 08:17:40, vim 1.py
2021-10-07 08:18:07, cd files
2021-10-07 08:18:08, cd python
2021-10-07 08:18:08, ls
2021-10-07 08:18:09, cd credit-suisse
2021-10-07 08:18:09, ls
2021-10-07 08:18:11, python 1.py
2021-10-07 08:18:21, python 1.py
2021-10-07 08:18:28, python 1.py
2021-10-07 08:18:33, python 1.py
2021-10-07 08:18:56, python 1.py
2021-10-07 08:19:06, python 1.py
2021-10-07 08:19:13, python 1.py
2021-10-07 08:20:19, python 1.py
2021-10-07 08:20:26, python 1.py
2021-10-07 08:20:32, python 1.py
2021-10-07 08:20:37, python 1.py
2021-10-07 08:20:44, python 1.py
2021-10-07 08:20:49, python 1.py
2021-10-07 08:20:52, python 1.py
2021-10-07 08:20:56, python 1.py
2021-10-07 08:24:45, vim 2.py
2021-10-07 08:24:51, python 2.py
2021-10-07 08:25:18, python 2.py
2021-10-07 08:26:44, python 2.py
2021-10-07 08:30:38, python 2.py
2021-10-07 08:30:46, python 2.py
2021-10-07 08:31:25, python 2.py
2021-10-07 08:31:30, python 2.py
2021-10-07 08:31:41, python 2.py
2021-10-07 08:32:59, python 2.py
2021-10-07 08:33:04, python 2.py
2021-10-07 08:33:18, python 2.py
2021-10-07 08:33:24, python 2.py
2021-10-07 08:33:35, python 2.py
2021-10-07 08:38:53, python 2.py
2021-10-07 08:38:59, python 2.py
2021-10-07 08:39:05, python 2.py
2021-10-07 08:39:14, python 2.py
2021-10-07 08:39:23, python 2.py
2021-10-07 08:39:33, python 2.py
2021-10-07 08:39:44, python 2.py
2021-10-07 08:39:55, python 2.py
2021-10-07 08:40:07, python 2.py
2021-10-07 08:40:23, python 2.py
2021-10-07 08:40:39, python 2.py
2021-10-07 08:40:45, python 2.py
2021-10-07 08:41:53, python 2.py
2021-10-07 08:42:09, python 2.py
2021-10-07 08:42:18, python 2.py
2021-10-07 08:43:18, python 2.py
2021-10-07 08:43:30, python 2.py
2021-10-07 08:43:34, python 2.py
2021-10-07 08:44:05, python 2.py
2021-10-07 08:44:12, python 2.py
2021-10-07 08:44:33, python 2.py
2021-10-07 08:46:26, python 2.py
2021-10-07 08:47:06, python 2.py
2021-10-07 08:48:41, python 2.py
2021-10-07 08:48:59, python 2.py
2021-10-07 08:49:10, python 2.py
2021-10-07 08:50:06, python 2.py
2021-10-07 08:50:25, python 2.py
2021-10-07 08:50:36, python 2.py
2021-10-07 08:51:00, python 2.py
2021-10-07 08:51:07, python 2.py
2021-10-07 08:51:31, python 2.py
2021-10-07 08:52:16, python 2.py
2021-10-07 08:52:26, python 2.py
2021-10-07 08:58:04, python 2.py
2021-10-07 08:58:11, python 2.py
2021-10-07 08:58:20, python 2.py
2021-10-07 08:59:52, ls
2021-10-07 08:59:54, vim 2.txt
2021-10-07 08:59:57, ls
2021-10-07 09:00:04, python 2.py < 2.txt
2021-10-07 09:00:16, python 2.py < 2.txt
2021-10-07 09:00:35, python 2.py < 2.txt
2021-10-07 09:01:28, python 2.py < 2.txt
2021-10-07 09:02:25, python 2.py < 2.txt
2021-10-07 09:03:17, python 2.py < 2.txt
2021-10-07 09:03:22, python 2.py < 2.txt
2021-10-07 09:03:29, python 2.py < 2.txt
2021-10-07 13:10:34, ldwm
2021-10-07 13:10:42, exit
2021-10-07 13:33:03, 2u
2021-10-07 13:33:05, vim did.md
2021-10-07 13:33:55, ga
2021-10-07 13:33:56, gs
2021-10-07 13:33:56, gaa
2021-10-07 13:33:57, gcm 'up'
2021-10-07 13:33:58, git push
2021-10-07 13:34:08, git fetch
2021-10-07 13:34:14, gl
2021-10-07 13:34:23, git pull
2021-10-07 13:34:28, gd
2021-10-07 13:34:31, gs
2021-10-07 13:34:33, git push
2021-10-07 14:28:32, exit
2021-10-07 14:55:51, ags
2021-10-07 14:55:53, 2z
2021-10-07 14:55:54, gs
2021-10-07 14:55:54, gaa
2021-10-07 14:55:57, gcm 'hist'
2021-10-07 14:55:58, git push
2021-10-07 23:29:00, ldwm
2021-10-07 23:29:06, cd files/python
2021-10-07 23:29:06, ls
2021-10-07 23:29:08, cd credit-suisse
2021-10-07 23:29:08, ls
2021-10-07 23:29:10, vim 2.
2021-10-07 23:29:13, vim 2.py
2021-10-07 23:30:12, python
2021-10-07 23:38:13, cd files/python
2021-10-07 23:38:14, ls
2021-10-07 23:38:16, cd credit-suisse
2021-10-07 23:38:16, ls
2021-10-07 23:38:21, python 2.py < 2.txt
2021-10-07 23:38:41, python 2.py < 2.txt
2021-10-07 23:38:45, python 2.py < 2.txt
2021-10-07 23:39:05, python 2.py < 2.txt
2021-10-07 23:39:17, python 2.py < 2.txt
2021-10-07 23:39:23, python 2.py < 2.txt
2021-10-07 23:39:49, python 2.py < 2.txt
2021-10-07 23:40:19, cat 2.txt
2021-10-07 23:43:55, ls
2021-10-07 23:43:58, vim 3.py
2021-10-07 23:44:26, cd files
2021-10-07 23:44:26, ls
2021-10-07 23:44:28, cd python/credit-suisse
2021-10-07 23:44:28, ls
2021-10-07 23:44:41, python 3.py < 3.txt
2021-10-07 23:46:04, python 3.py < 3.txt
2021-10-07 23:46:55, python 3.py < 3.txt
2021-10-07 23:47:15, python 3.py < 3.txt
2021-10-07 23:47:24, python 3.py < 3.txt
2021-10-07 23:47:33, python 3.py < 3.txt
2021-10-07 23:47:42, python 3.py < 3.txt
2021-10-07 23:47:46, python 3.py < 3.txt
2021-10-07 23:48:02, python 3.py < 3.txt
2021-10-07 23:51:58, python 3.py < 3.txt
2021-10-07 23:52:06, python 3.py < 3.txt
2021-10-07 23:52:33, python 3.py < 3.txt
2021-10-07 23:52:42, python 3.py < 3.txt
2021-10-07 23:53:00, python 3.py < 3.txt
2021-10-07 23:53:09, python 3.py < 3.txt
2021-10-07 23:55:02, python 3.py < 3.txt
2021-10-07 23:58:50, python 3.py < 3.txt
2021-10-07 23:59:02, python 3.py < 3.txt
2021-10-07 23:59:20, python 3.py < 3.txt
2021-10-07 23:59:26, python 3.py < 3.txt
2021-10-07 23:59:38, python 3.py < 3.txt
2021-10-08 00:00:04, python 3.py < 3.txt
2021-10-08 00:00:26, python 3.py < 3.txt
2021-10-08 00:00:31, python 3.py < 3.txt
2021-10-08 00:04:44, python 3.py < 3.txt
2021-10-08 00:05:04, python 3.py < 3.txt
2021-10-08 00:05:29, python 3.py < 3.txt
2021-10-08 00:05:43, python 3.py < 3.txt
2021-10-08 00:06:12, python 3.py < 3.txt
2021-10-08 00:06:33, python 3.py < 3.txt
2021-10-08 00:06:43, python 3.py < 3.txt
2021-10-08 00:06:58, python 3.py < 3.txt
2021-10-08 00:07:43, python 3.py < 3.txt
2021-10-08 00:07:48, python 3.py < 3.txt
2021-10-08 00:08:06, python 3.py < 3.txt
2021-10-08 00:08:27, python 3.py < 3.txt
2021-10-08 00:08:47, python 3.py < 3.txt
2021-10-08 00:09:13, python 3.py < 3.txt
2021-10-08 00:09:32, python 3.py < 3.txt
2021-10-08 00:09:57, python 3.py < 3.txt
2021-10-08 00:10:18, python 3.py < 3.txt
2021-10-08 00:10:29, python 3.py < 3.txt
2021-10-08 00:10:37, python 3.py < 3.txt
2021-10-08 00:10:56, python 3.py < 3.txt
2021-10-08 00:11:05, python 3.py < 3.txt
2021-10-08 00:11:12, python 3.py < 3.txt
2021-10-08 00:11:34, python 3.py < 3.txt
2021-10-08 00:11:45, python 3.py < 3.txt
2021-10-08 00:12:05, python 3.py < 3.txt
2021-10-08 00:12:07, python 3.py < 3.txt
2021-10-08 00:12:46, python 3.py < 3.txt
2021-10-08 00:13:07, python 3.py < 3.txt
2021-10-08 00:13:24, python 3.py < 3.txt
2021-10-08 00:13:55, python 3.py < 3.txt
2021-10-08 00:14:03, python 3.py < 3.txt
2021-10-08 00:14:08, python 3.py < 3.txt
2021-10-08 00:14:25, python 3.py < 3.txt
2021-10-08 00:14:43, python 3.py < 3.txt
2021-10-08 00:14:50, python 3.py < 3.txt
2021-10-08 00:15:09, python 3.py < 3.txt
2021-10-08 00:15:34, python 3.py < 3.txt
2021-10-08 00:16:52, python 3.py < 3.txt
2021-10-08 00:17:07, python 3.py < 3.txt
2021-10-08 00:17:16, ct
2021-10-08 00:17:16, ct
2021-10-08 00:17:19, python 3.py < 3.txt
2021-10-08 00:17:40, python 3.py < 3.txt
2021-10-08 00:17:46, python 3.py < 3.txt
2021-10-08 00:19:30, python 3.py < 3.txt
2021-10-08 00:19:42, ct
2021-10-08 00:19:49, ct && python 3.py < 3.txt
2021-10-08 00:20:12, ct && python 3.py < 3.txt
2021-10-08 00:20:17, ct && python 3.py < 3.txt
2021-10-08 00:20:51, ct && python 3.py < 3.txt
2021-10-08 00:58:13, exit
2021-10-08 00:58:15, exit
2021-10-08 00:58:46, exit
2021-10-08 00:58:58, cd Downloads
2021-10-08 00:58:58, ls
2021-10-08 00:59:07, rm Selfie\ Practices,\ Peer\ Appearance\ Comparisons,\ \ Body\ Esteem\ on\ Instagram.pdf
2021-10-08 00:59:07, ls
2021-10-08 00:59:11, rm Info\ Sheet\ OE\ \&\ OCIP\ EOY\ 2021\ programme.pdf
2021-10-08 00:59:12, ls
2021-10-08 00:59:15, rm LI
2021-10-08 00:59:17, rm Linear\ Algebra\ Concepts\ and\ Techniques\ on\ Euclidean\ Spaces\ by\ Ma\ Siu\ Lun,\ Ng\ Kah\ Loon,\ Victor\ Tan\ \(z-lib.org\).pdf
2021-10-08 00:59:18, ls
2021-10-08 00:59:25, rm census.pdf
2021-10-08 00:59:25, ls
2021-10-08 01:03:49, exit
2021-10-08 01:05:25, pdfgrep
2021-10-08 01:05:27, 2u
2021-10-08 01:05:28, ls
2021-10-08 01:05:29, cd lectures
2021-10-08 01:05:30, ls
2021-10-08 01:05:40, pdfgrep exposure
2021-10-08 01:05:43, pdfgrep exposure *
2021-10-08 01:06:31, ls
2021-10-08 01:06:44, exit
2021-10-08 01:09:14, exit
2021-10-08 01:24:00, 2u
2021-10-08 01:24:02, ls
2021-10-08 01:24:03, cd project
2021-10-08 01:24:03, ls
2021-10-08 01:24:04, cd part-a-project-topics
2021-10-08 01:24:10, pdfgrep confounder binge-drinking-and-mental-health.pdf
2021-10-08 01:24:20, ls
2021-10-08 01:24:22, exit
2021-10-08 01:51:52, 2lb
2021-10-08 01:51:52, ls
2021-10-08 01:51:54, cd fzf-rofi
2021-10-08 01:51:55, ls
2021-10-08 01:51:55, out
2021-10-08 01:51:55, ls
2021-10-08 01:51:58, cd pdf-launcher
2021-10-08 01:51:58, ls
2021-10-08 01:52:00, vim script
2021-10-08 01:52:35, cd
2021-10-08 01:52:36, cd files
2021-10-08 01:52:37, ls
2021-10-08 01:52:44, cd python
2021-10-08 01:52:45, ls
2021-10-08 01:52:47, cd credit-suisse
2021-10-08 01:52:47, ls
2021-10-08 01:52:49, vim 2.
2021-10-08 01:52:51, vim 2.py
2021-10-08 01:53:24, exit
2021-10-08 01:54:04, 2u
2021-10-08 01:54:08, ls
2021-10-08 01:54:09, cd lectures
2021-10-08 01:54:09, ls
2021-10-08 01:54:31, pdfgrep exposure *
2021-10-08 01:55:40, exit
2021-10-08 02:15:16, 2u
2021-10-08 02:15:19, cd lectures
2021-10-08 02:15:27, pdfgrep confounder *
2021-10-08 02:15:33, exit
2021-10-08 02:33:35, cd files/telegram
2021-10-08 02:33:36, ls
2021-10-08 02:33:38, z APA\ Referencing\ Quick\ Guide\ \(1\).pdf
2021-10-08 02:40:06, 2b
2021-10-08 02:40:06, 2g
2021-10-08 02:40:08, 2u
2021-10-08 02:40:09, ls
2021-10-08 02:40:11, cd project
2021-10-08 02:40:11, ls
2021-10-08 02:40:19, cp ~/files/telegram/APA\ Referencing\ Quick\ Guide\ \(1\).pdf apa-guide.pdf
2021-10-08 02:40:19, ls
2021-10-08 02:40:20, exit
2021-10-08 02:42:03, exit
2021-10-08 03:04:05, 2b
2021-10-08 03:04:05, ks
2021-10-08 03:04:06, out
2021-10-08 03:04:07, ls
2021-10-08 03:04:12, cd pages
2021-10-08 03:04:12, ls
2021-10-08 03:04:15, out
2021-10-08 03:04:15, ls
2021-10-08 03:04:18, cd data
2021-10-08 03:04:18, ls
2021-10-08 03:04:19, cd snippets
2021-10-08 03:04:20, ls
2021-10-08 03:04:21, vim javascript.mdx
2021-10-08 03:04:23, ls
2021-10-08 03:04:23, out
2021-10-08 03:04:24, ls
2021-10-08 03:04:26, cd ph
2021-10-08 03:04:27, 
2021-10-08 03:04:28, vim photos.mdx
2021-10-08 03:04:31, out
2021-10-08 03:04:31, ls
2021-10-08 03:04:36, cd pages
2021-10-08 03:04:36, ls
2021-10-08 03:04:38, vim blog
2021-10-08 03:04:42, vim blog/\[slug\].js
2021-10-08 03:05:10, ls
2021-10-08 03:05:19, vim
2021-10-08 03:05:46, vim
2021-10-08 03:07:22, ls
2021-10-08 03:07:31, 2b
2021-10-08 03:07:31, yd
2021-10-08 03:08:10, gs
2021-10-08 03:08:11, gcm .
2021-10-08 03:08:13, gco .
2021-10-08 03:08:15, gs
2021-10-08 03:08:17, out
2021-10-08 03:08:18, gco
2021-10-08 03:08:19, gs
2021-10-08 03:08:21, gco .
2021-10-08 03:08:32, ls
2021-10-08 03:08:36, gco -b minimal
2021-10-08 03:08:37, ls
2021-10-08 03:08:38, cd pages
2021-10-08 03:08:38, ls
2021-10-08 03:08:40, vim index.js
2021-10-08 03:11:56, gs
2021-10-08 03:12:00, gco 1
2021-10-08 03:12:07, ls
2021-10-08 03:12:09, gl
2021-10-08 03:12:16, vim
2021-10-08 03:13:12, gs
2021-10-08 03:13:13, gaa
2021-10-08 03:13:16, gs
2021-10-08 03:13:17, gr 2
2021-10-08 03:13:18, gs
2021-10-08 03:13:20, gco 2
2021-10-08 03:13:20, gs
2021-10-08 03:13:21, gaa
2021-10-08 03:13:25, gcm 'fixed navbar hover'
2021-10-08 03:13:26, git push
2021-10-08 03:13:30, gco master
2021-10-08 03:13:30, gs
2021-10-08 03:13:31, gl
2021-10-08 03:13:35, git merge minimal
2021-10-08 03:13:36, git push
2021-10-08 03:13:41, vim
2021-10-08 03:14:59, gs
2021-10-08 03:15:00, gaa
2021-10-08 03:15:01, gcan
2021-10-08 03:15:02, git push
2021-10-08 03:15:05, git push --force
2021-10-08 03:16:32, ls
2021-10-08 03:16:33, out
2021-10-08 03:16:33, ls
2021-10-08 03:16:34, cd data
2021-10-08 03:16:34, ls
2021-10-08 03:16:37, cd blog
2021-10-08 03:16:37, ls
2021-10-08 03:16:41, mkdir 2021
2021-10-08 03:16:41, ls
2021-10-08 03:16:44, cd 2021
2021-10-08 03:16:44, ls
2021-10-08 03:16:47, cp ../reading.mdx .
2021-10-08 03:16:47, ls
2021-10-08 03:17:01, out
2021-10-08 03:17:01, ls
2021-10-08 03:17:09, out
2021-10-08 03:17:09, ps
2021-10-08 03:17:11, vim
2021-10-08 03:30:10, 2b
2021-10-08 03:30:11, out
2021-10-08 03:30:11, ls
2021-10-08 03:30:12, cd pages
2021-10-08 03:30:12, ls
2021-10-08 03:30:13, cd blog
2021-10-08 03:30:14, ls
2021-10-08 03:30:30, mkdir \[year\]
2021-10-08 03:30:31, ls
2021-10-08 03:30:39, mv \[slug\].js \[year\]
2021-10-08 03:30:39, ls
2021-10-08 03:30:49, ls
2021-10-08 03:30:50, cd \[year\]
2021-10-08 03:30:51, vim
2021-10-08 03:30:52, vim \[slug\].js
2021-10-08 03:32:51, ls
2021-10-08 03:32:54, gs
2021-10-08 03:32:57, gd 1
2021-10-08 03:33:01, gl
2021-10-08 03:33:12, git reset --hard
2021-10-08 03:33:12, ls
2021-10-08 03:33:13, gs
2021-10-08 03:33:19, git clean -fxd
2021-10-08 03:33:20, gs
2021-10-08 03:33:22, out
2021-10-08 03:33:23, out
2021-10-08 03:33:23, out
2021-10-08 03:33:25, git clean -fxd
2021-10-08 03:33:32, gs
2021-10-08 03:33:37, yd
2021-10-08 03:33:41, yd
2021-10-08 03:33:44, ls
2021-10-08 03:33:46, vim package.json
2021-10-08 03:33:53, yd
2021-10-08 03:33:56, yarn
2021-10-08 03:34:05, d
2021-10-08 03:34:05, yd
2021-10-08 03:34:46, ls
2021-10-08 03:34:48, gs
2021-10-08 03:34:54, gco -b date
2021-10-08 03:34:54, ls
2021-10-08 03:34:56, cd data
2021-10-08 03:34:56, ls
2021-10-08 03:34:57, cd blog
2021-10-08 03:34:58, ls
2021-10-08 03:35:00, mkdir 2021
2021-10-08 03:35:10, cp reading.mdx 2021
2021-10-08 03:35:11, ls
2021-10-08 03:35:12, cd 2021
2021-10-08 03:35:13, ls
2021-10-08 03:35:13, out
2021-10-08 03:35:14, out
2021-10-08 03:35:14, gs
2021-10-08 03:35:15, gaa
2021-10-08 03:35:18, gcm 'added year dir'
2021-10-08 03:35:25, ls
2021-10-08 03:35:29, out
2021-10-08 03:35:30, cd pages
2021-10-08 03:35:30, ls
2021-10-08 03:35:32, cd blog
2021-10-08 03:35:32, ls
2021-10-08 03:35:40, mkdir \[year\]
2021-10-08 03:35:41, ls
2021-10-08 03:35:42, cd \[year\]
2021-10-08 03:35:42, ls
2021-10-08 03:35:49, cp ../\[slug\].js .
2021-10-08 03:35:49, ls
2021-10-08 03:35:50, vim \[slug\].js
2021-10-08 03:37:07, ls
2021-10-08 03:37:08, out
2021-10-08 03:37:09, cd pages
2021-10-08 03:37:09, ls
2021-10-08 03:37:11, cd blog/\[year\]
2021-10-08 03:37:12, ls
2021-10-08 03:38:54, exit
2021-10-08 03:38:55, exit
2021-10-08 03:44:10, 2b
2021-10-08 03:44:11, out
2021-10-08 03:44:12, cd pages
2021-10-08 03:44:12, ls
2021-10-08 03:44:14, cd blog/\[year\]/
2021-10-08 03:44:14, ls
2021-10-08 03:44:16, rm \[slug\].js
2021-10-08 03:44:21, ln -s ../\[slug\].js .
2021-10-08 03:44:21, ls
2021-10-08 03:44:42, ls
2021-10-08 03:44:43, vim \[slug\].js
2021-10-08 03:49:53, ls
2021-10-08 03:49:57, mv ../\[slug\].js .
2021-10-08 03:49:58, ls
2021-10-08 03:50:03, vim
2021-10-08 04:00:33, exit
2021-10-08 04:01:12, yd
2021-10-08 04:01:31, 2b
2021-10-08 04:01:32, gs
2021-10-08 04:01:36, gco 1
2021-10-08 04:01:37, exit
2021-10-08 04:02:59, yd
2021-10-08 04:03:12, 2b
2021-10-08 04:03:12, gs
2021-10-08 04:03:19, gco 2 3
2021-10-08 04:03:19, ls
2021-10-08 04:03:20, gs
2021-10-08 04:03:26, gr 2 3
2021-10-08 04:03:27, gs
2021-10-08 04:03:36, git number clean 2 3 -fxd
2021-10-08 04:03:37, gs
2021-10-08 04:03:40, cd pages
2021-10-08 04:03:40, ls
2021-10-08 04:03:41, cd blog
2021-10-08 04:03:42, ls
2021-10-08 04:03:44, out
2021-10-08 04:03:44, out
2021-10-08 04:03:47, cd pages
2021-10-08 04:03:48, ls
2021-10-08 04:03:49, cd blog
2021-10-08 04:03:49, ls
2021-10-08 04:03:51, ls
2021-10-08 04:04:01, gco \[slug\].js
2021-10-08 04:04:01, ls
2021-10-08 04:04:05, mkdir \[year\]
2021-10-08 04:04:05, ls
2021-10-08 04:04:09, mv \[slug\].js \[slug\].js
2021-10-08 04:04:12, mv \[slug\].js \[year\]
2021-10-08 04:04:13, ls
2021-10-08 04:04:14, cd \[year\]
2021-10-08 04:04:14, ls
2021-10-08 04:04:18, ls
2021-10-08 04:04:20, yd
2021-10-08 04:04:34, gs
2021-10-08 04:04:38, gs
2021-10-08 04:04:38, out
2021-10-08 04:04:40, out
2021-10-08 04:04:40, ls
2021-10-08 04:04:41, gs
2021-10-08 04:04:43, git reset --hard
2021-10-08 04:04:44, gs
2021-10-08 04:04:46, git clean -fxd
2021-10-08 04:04:47, ls
2021-10-08 04:04:47, gs
2021-10-08 04:05:05, ls
2021-10-08 04:05:06, cd blog
2021-10-08 04:05:07, ls
2021-10-08 04:05:11, mkdir \[year\]
2021-10-08 04:06:07, yd
2021-10-08 04:06:12, yarn
2021-10-08 04:06:14, yd
2021-10-08 04:06:18, yarn
2021-10-08 04:06:20, out
2021-10-08 04:06:20, ls
2021-10-08 04:06:22, yarn
2021-10-08 04:06:25, rm -rf node_modules
2021-10-08 04:06:27, yarn
2021-10-08 04:06:34, ls
2021-10-08 04:06:38, yd
2021-10-08 04:06:52, yd
2021-10-08 04:06:59, gl
2021-10-08 04:07:01, gco master
2021-10-08 04:07:01, yd
2021-10-08 04:07:47, ls
2021-10-08 04:08:06, rm -rf \[slug\].js
2021-10-08 04:08:14, gco \[slug\].js
2021-10-08 04:08:18, rm -rf *year*
2021-10-08 04:08:19, ls
2021-10-08 04:09:02, ls
2021-10-08 04:09:04, vim \[slug\].js
2021-10-08 04:09:16, exit
2021-10-08 04:11:11, 2b
2021-10-08 04:11:11, ls
2021-10-08 04:11:12, cd blog
2021-10-08 04:11:12, ls
2021-10-08 04:11:15, mkdir 2021
2021-10-08 04:11:20, cp reading.mdx 2021
2021-10-08 04:11:20, ls
2021-10-08 04:11:26, rm reading.mdx
2021-10-08 04:11:27, ls
2021-10-08 04:18:15, ls
2021-10-08 04:23:46, 2b
2021-10-08 04:23:47, out
2021-10-08 04:23:48, g
2021-10-08 04:23:49, ls
2021-10-08 04:23:51, cd blog
2021-10-08 04:23:52, ls
2021-10-08 04:23:54, cd \[year\]
2021-10-08 04:23:54, ls
2021-10-08 04:23:55, exit
2021-10-08 04:24:00, yd
2021-10-08 04:24:33, yd
2021-10-08 04:24:55, 2b
2021-10-08 04:24:56, out
2021-10-08 04:24:58, git diff
2021-10-08 04:25:08, gs
2021-10-08 04:25:10, gd 2
2021-10-08 04:25:34, yd
2021-10-08 04:25:52, out
2021-10-08 04:25:53, out
2021-10-08 04:25:55, gd
2021-10-08 04:25:57, gs
2021-10-08 04:26:00, gs
2021-10-08 04:26:00, gd
2021-10-08 04:26:02, gs
2021-10-08 04:26:12, gd 2
2021-10-08 04:26:33, ls
2021-10-08 04:26:34, out
2021-10-08 04:26:35, out
2021-10-08 04:26:35, ls
2021-10-08 04:26:58, out
2021-10-08 04:26:58, ls
2021-10-08 04:27:00, cd b
2021-10-08 04:27:00, ls
2021-10-08 04:27:03, cd pages
2021-10-08 04:27:04, ls
2021-10-08 04:27:06, out
2021-10-08 04:27:06, cd b
2021-10-08 04:27:07, ls
2021-10-08 04:27:07, yd
2021-10-08 04:27:09, exit
2021-10-08 04:27:16, ls
2021-10-08 04:27:18, ls
2021-10-08 04:27:20, vim index.js
2021-10-08 04:27:26, ls
2021-10-08 04:27:30, 2b
2021-10-08 04:27:30, ls
2021-10-08 04:27:32, out
2021-10-08 04:27:32, ls
2021-10-08 04:27:35, cd pages
2021-10-08 04:27:35, ls
2021-10-08 04:27:44, vim _*
2021-10-08 04:28:18, exit
2021-10-08 04:28:44, out
2021-10-08 04:28:51, yarn add tailwindcss@latest postcss@latest autoprefixer@latest
2021-10-08 04:29:01, npx tailwindcss init -p
2021-10-08 04:29:04, ls
2021-10-08 04:29:05, vim tailwind.config.js
2021-10-08 04:29:31, vim tailwind.config.js
2021-10-08 04:29:38, yd
2021-10-08 04:29:49, cd pages
2021-10-08 04:29:49, ls
2021-10-08 04:29:51, vim _app.js
2021-10-08 04:30:28, ls
2021-10-08 04:30:30, out
2021-10-08 04:30:30, ls
2021-10-08 04:30:53, mkdir styles
2021-10-08 04:30:53, ls
2021-10-08 04:30:54, cd styles
2021-10-08 04:30:54, ls
2021-10-08 04:30:59, touch global.css
2021-10-08 04:31:06, vim global.css
2021-10-08 04:31:12, ls
2021-10-08 04:31:12, out
2021-10-08 04:31:13, ls
2021-10-08 04:31:32, vim
2021-10-08 04:31:38, ls
2021-10-08 04:31:38, vim
2021-10-08 04:32:47, cd files
2021-10-08 04:32:47, npx create-next-app -e with-tailwindcss my-project
2021-10-08 04:32:53, exit
2021-10-08 04:33:11, yd
2021-10-08 04:33:32, yd
2021-10-08 04:33:51, cd fiels
2021-10-08 04:33:53, cd files
2021-10-08 04:33:53, npx create-next-app -e with-tailwindcss my-project
2021-10-08 04:34:04, exit
2021-10-08 04:34:25, ls
2021-10-08 04:34:36, git init
2021-10-08 04:34:36, gs
2021-10-08 04:34:38, gaa
2021-10-08 04:34:47, gcm 'first commit - set up tailwind css'
2021-10-08 04:34:55, rm -rf .git
2021-10-08 04:34:55, ls
2021-10-08 04:35:02, cp ../blog/.gitignore .
2021-10-08 04:35:02, ls
2021-10-08 04:35:05, giti
2021-10-08 04:35:10, ls
2021-10-08 04:35:14, git init
2021-10-08 04:35:15, gaa
2021-10-08 04:35:18, gcm 'first commit - set up tailwind css'
2021-10-08 04:35:19, gs
2021-10-08 04:35:24, gco -b
2021-10-08 04:35:25, gco -b dev
2021-10-08 04:35:26, ls
2021-10-08 04:35:45, yarn add @next/mdx @mdx-js/loader
2021-10-08 04:35:57, 2b
2021-10-08 04:35:57, ls
2021-10-08 04:35:59, out
2021-10-08 04:36:00, vim next.config.js
2021-10-08 04:36:33, vim next.config.js
2021-10-08 04:39:37, ls
2021-10-08 04:39:38, cd pages
2021-10-08 04:39:39, ls
2021-10-08 04:39:47, vim test.mdx
2021-10-08 04:40:04, ls
2021-10-08 04:40:07, yd
2021-10-08 04:40:41, ls
2021-10-08 04:40:59, mkdir blog
2021-10-08 04:41:00, ls
2021-10-08 04:41:01, cd blog
2021-10-08 04:41:01, ls
2021-10-08 04:41:19, out
2021-10-08 04:41:19, ls
2021-10-08 04:41:22, mkdir data
2021-10-08 04:41:22, ls
2021-10-08 04:41:24, cd data
2021-10-08 04:41:24, ls
2021-10-08 04:41:26, mkdir blog
2021-10-08 04:41:32, mv ../test.mdx .
2021-10-08 04:41:32, ls
2021-10-08 04:41:32, out
2021-10-08 04:41:33, ls
2021-10-08 04:41:34, mv data
2021-10-08 04:41:36, mv data ../
2021-10-08 04:41:36, ls
2021-10-08 04:41:37, out
2021-10-08 04:41:37, ls
2021-10-08 04:41:38, cd data
2021-10-08 04:41:39, ls
2021-10-08 04:41:42, mv test.mdx blog
2021-10-08 04:41:42, ls
2021-10-08 04:41:42, out
2021-10-08 04:41:43, ls
2021-10-08 04:41:45, cd pages
2021-10-08 04:41:45, ls
2021-10-08 04:41:47, cd blog
2021-10-08 04:41:47, ls
2021-10-08 04:41:54, touch \[slug\].js
2021-10-08 04:41:54, ls
2021-10-08 04:41:55, vim \[slug\].js
2021-10-08 04:50:21, exit
2021-10-08 04:51:08, 2b
2021-10-08 04:51:09, ls
2021-10-08 04:51:09, out
2021-10-08 04:51:09, ls
2021-10-08 04:51:11, cd pages
2021-10-08 04:51:14, cd blog
2021-10-08 04:51:14, ls
2021-10-08 04:51:14, gs
2021-10-08 04:51:16, ls
2021-10-08 04:51:19, out
2021-10-08 04:51:19, out
2021-10-08 04:51:27, git reset --hard
2021-10-08 04:51:29, git gs
2021-10-08 04:51:30, gs
2021-10-08 04:51:39, gs -c rm -rf 1 2
2021-10-08 04:51:40, ls
2021-10-08 04:51:40, gs
2021-10-08 04:51:42, cd pages
2021-10-08 04:51:43, ls
2021-10-08 04:51:44, cd blog
2021-10-08 04:51:44, ls
2021-10-08 04:51:46, vim \[slug\].js
2021-10-08 04:58:27, ls
2021-10-08 04:58:28, out
2021-10-08 04:58:28, out
2021-10-08 04:58:29, ls
2021-10-08 04:58:30, mkdir lib
2021-10-08 04:58:30, ls
2021-10-08 04:58:31, cd lib
2021-10-08 04:58:31, ls
2021-10-08 04:58:41, vim mdx.js
2021-10-08 04:58:47, out
2021-10-08 04:58:48, ls
2021-10-08 04:58:54, cp ../blog/jsconfig.json .
2021-10-08 04:58:54, ls
2021-10-08 04:58:55, vim jsconfig.json
2021-10-08 04:59:00, ls
2021-10-08 04:59:01, vim
2021-10-08 05:01:11, yd
2021-10-08 05:05:02, yd
2021-10-08 05:05:10, gs
2021-10-08 05:05:10, gaa
2021-10-08 05:05:19, gcm 'can read files in /data/blog'
2021-10-08 05:05:20, ls
2021-10-08 05:05:21, vim
2021-10-08 05:08:16, rep
2021-10-08 05:08:17, cd b
2021-10-08 05:08:17, ls
2021-10-08 05:08:22, yarn add gray-matter
2021-10-08 05:08:42, exit
2021-10-08 05:09:45, rep
2021-10-08 05:09:46, cd b
2021-10-08 05:09:48, yarn add next-mdx-remote
2021-10-08 05:09:55, exit
2021-10-08 05:10:33, rep
2021-10-08 05:10:34, cd b
2021-10-08 05:10:44, yarn add remark-slug remark-autolink-headings remark-code-titles
2021-10-08 05:10:55, yd
2021-10-08 05:11:08, 2b
2021-10-08 05:11:08, out
2021-10-08 05:11:09, vim
2021-10-08 05:12:26, rep
2021-10-08 05:12:27, cd b
2021-10-08 05:12:30, yarn add mdx-prism
2021-10-08 05:12:42, rg remark-
2021-10-08 05:12:59, yd
2021-10-08 05:13:01, exit
2021-10-08 05:16:48, vim package.json
2021-10-08 05:16:55, yarn remove remark-autolink-headings
2021-10-08 05:17:03, yarn add rehype-autolink-headings
2021-10-08 05:17:27, yd
2021-10-08 05:18:26, yd
2021-10-08 05:18:46, rm -rf .next
2021-10-08 05:18:47, yd
2021-10-08 05:20:03, 2b
2021-10-08 05:20:04, vim
2021-10-08 05:52:00, exit
2021-10-08 05:52:56, yd
2021-10-08 05:56:52, rep
2021-10-08 05:56:53, cd b
2021-10-08 05:56:53, ls
2021-10-08 05:56:56, yarn add glob
2021-10-08 05:56:59, exit
2021-10-08 05:57:08, rep
2021-10-08 05:57:09, cd b
2021-10-08 05:57:09, ls
2021-10-08 05:57:11, cd data
2021-10-08 05:57:11, ls
2021-10-08 05:57:12, cd blog
2021-10-08 05:57:12, ls
2021-10-08 05:57:13, mkdir 2021
2021-10-08 05:57:14, ls
2021-10-08 05:57:15, cd 2021
2021-10-08 05:57:15, sl
2021-10-08 05:57:16, ls
2021-10-08 05:57:21, mkdir 10
2021-10-08 05:57:21, ls
2021-10-08 05:57:22, cd 10
2021-10-08 05:57:22, ls
2021-10-08 05:57:26, mkdir 08
2021-10-08 05:57:27, ls
2021-10-08 05:57:28, cd 08
2021-10-08 05:57:28, ls
2021-10-08 05:57:33, touch today.mdx
2021-10-08 05:57:34, vim today.mdx
2021-10-08 05:57:56, out
2021-10-08 05:57:57, out
2021-10-08 05:57:57, out
2021-10-08 05:57:57, ls
2021-10-08 05:57:58, exit
2021-10-08 06:00:06, 2b
2021-10-08 06:00:06, ls
2021-10-08 06:00:06, vim
2021-10-08 06:00:20, exit
2021-10-08 06:14:50, yd
2021-10-08 06:14:53, gs
2021-10-08 06:14:54, gaa
2021-10-08 06:14:56, gcm 'working'
2021-10-08 06:14:57, ls
2021-10-08 06:15:04, gca 'working mdx'
2021-10-08 06:15:09, ls
2021-10-08 06:15:11, cd data
2021-10-08 06:15:12, ls
2021-10-08 06:15:13, cd blog
2021-10-08 06:15:13, ls
2021-10-08 06:15:17, out
2021-10-08 06:15:18, out
2021-10-08 06:15:18, cd patges
2021-10-08 06:15:20, cd pages
2021-10-08 06:15:20, ls
2021-10-08 06:15:21, cd blog
2021-10-08 06:15:22, ls
2021-10-08 06:15:29, mkdir \[year\]
2021-10-08 06:15:31, cd \[year\]
2021-10-08 06:15:36, cd \[month\]
2021-10-08 06:15:41, mkdir \[month\]
2021-10-08 06:15:42, ls
2021-10-08 06:15:43, cd \[month\]
2021-10-08 06:15:43, ls
2021-10-08 06:15:47, mkdir \[day\]
2021-10-08 06:15:48, ls
2021-10-08 06:15:49, cd \[day\]
2021-10-08 06:15:49, ls
2021-10-08 06:15:53, mv ../../../\[slug\].js .
2021-10-08 06:15:54, ls
2021-10-08 06:15:55, vim \[slug\].js
2021-10-08 06:16:08, yd
2021-10-08 06:24:50, rep
2021-10-08 06:24:50, cd b
2021-10-08 06:24:51, ls
2021-10-08 06:24:53, cd data/blog
2021-10-08 06:24:53, ls
2021-10-08 06:24:58, mv test.mdx ../
2021-10-08 06:24:58, ls
2021-10-08 06:24:59, exit
2021-10-08 06:27:44, ydd
2021-10-08 06:27:45, yd
2021-10-08 06:36:41, ls
2021-10-08 06:36:41, out
2021-10-08 06:36:42, out
2021-10-08 06:36:42, out
2021-10-08 06:36:42, out
2021-10-08 06:36:43, ls
2021-10-08 06:36:44, out
2021-10-08 06:36:44, ls
2021-10-08 06:36:47, out
2021-10-08 06:36:47, 2b
2021-10-08 06:36:48, out
2021-10-08 06:36:48, ls
2021-10-08 06:36:51, cd layouts
2021-10-08 06:36:51, ls
2021-10-08 06:36:52, out
2021-10-08 06:36:52, out
2021-10-08 06:36:53, ls
2021-10-08 06:36:54, cd b
2021-10-08 06:36:54, ls
2021-10-08 06:36:56, mkdir layouts
2021-10-08 06:36:56, ls
2021-10-08 06:36:57, cd layouts
2021-10-08 06:36:58, ls
2021-10-08 06:37:00, touch blog.js
2021-10-08 06:37:02, vim blog.js
2021-10-08 06:37:15, gs
2021-10-08 06:37:16, gaa
2021-10-08 06:37:19, gcm 'working date'
2021-10-08 06:37:20, ls
2021-10-08 06:37:23, vim
2021-10-08 06:37:25, vim
2021-10-08 06:37:37, 2b
2021-10-08 06:37:38, ls
2021-10-08 06:37:40, cd ../l
2021-10-08 06:37:41, cd ../layouts
2021-10-08 06:37:42, ls
2021-10-08 06:37:43, vim blog.js
2021-10-08 06:42:45, ls
2021-10-08 06:42:46, out
2021-10-08 06:42:48, cd da
2021-10-08 06:42:50, cd data
2021-10-08 06:42:50, ls
2021-10-08 06:42:51, cd blog
2021-10-08 06:42:51, ls
2021-10-08 06:42:54, 2b
2021-10-08 06:42:54, ls
2021-10-08 06:42:56, cd blog
2021-10-08 06:42:56, ls
2021-10-08 06:42:59, out
2021-10-08 06:43:01, cp -r blog
2021-10-08 06:43:08, cp -r blog ../../b/data/asdf
2021-10-08 06:43:10, ls
2021-10-08 06:43:13, out
2021-10-08 06:43:13, ls
2021-10-08 06:43:18, mv asdf blog
2021-10-08 06:43:18, ls
2021-10-08 06:43:19, cd blog
2021-10-08 06:43:20, ls
2021-10-08 06:43:22, cp asdf/* .s
2021-10-08 06:43:23, ls
2021-10-08 06:43:25, cp asdf/* .
2021-10-08 06:43:26, ls
2021-10-08 06:43:29, rm -rf asdf
2021-10-08 06:43:29, ls
2021-10-08 06:43:34, cat reading -n 2
2021-10-08 06:43:36, cat
2021-10-08 06:43:42, cat reading
2021-10-08 06:43:44, cat reading.mdx
2021-10-08 06:43:52, ls
2021-10-08 06:43:54, rep
2021-10-08 06:43:55, cd b
2021-10-08 06:43:55, ls
2021-10-08 06:43:58, cd data
2021-10-08 06:43:58, ls
2021-10-08 06:44:01, rm test.mdx
2021-10-08 06:44:01, ls
2021-10-08 06:44:02, cd blog
2021-10-08 06:44:03, ls
2021-10-08 06:44:05, vim reading.mdx
2021-10-08 06:44:07, ls
2021-10-08 06:44:09, cd 2021
2021-10-08 06:44:09, ls
2021-10-08 06:44:15, mkdir 09
2021-10-08 06:44:15, ls
2021-10-08 06:44:19, cd 09
2021-10-08 06:44:19, ls
2021-10-08 06:44:23, mkdir 29
2021-10-08 06:44:23, ls
2021-10-08 06:44:24, cd 29
2021-10-08 06:44:24, ls
2021-10-08 06:44:28, mv ../../../reading.mdx .
2021-10-08 06:44:28, ls
2021-10-08 06:44:34, out
2021-10-08 06:44:37, mkdir 27
2021-10-08 06:44:37, ls
2021-10-08 06:44:39, cd 27
2021-10-08 06:44:39, ls
2021-10-08 06:44:44, out
2021-10-08 06:44:44, ls
2021-10-08 06:44:51, mv ../../after-installing-arch.mdx 27
2021-10-08 06:44:51, ls
2021-10-08 06:44:52, lt
2021-10-08 06:45:08, mkdir ../10/04
2021-10-08 06:45:10, out
2021-10-08 06:45:10, ls
2021-10-08 06:45:17, mv ../analyzing-command-frequency.mdx 10/04
2021-10-08 06:45:17, ls
2021-10-08 06:45:26, mkdir 09/26
2021-10-08 06:45:35, mv ../installing-arch.mdx 09/26
2021-10-08 06:45:36, ls
2021-10-08 06:45:37, lt
2021-10-08 06:45:38, lt 3
2021-10-08 06:45:42, ls
2021-10-08 06:45:48, vim making-myself-at-home-in-zsh.mdx
2021-10-08 06:45:54, mkdir 09/23
2021-10-08 06:46:00, mv ../making-myself-at-home-in-zsh.mdx $_
2021-10-08 06:46:02, lt
2021-10-08 06:46:05, lt 3
2021-10-08 06:46:15, mkdir 10/03
2021-10-08 06:46:16, ls
2021-10-08 06:46:25, mv ../math-and-code.mdx $_
2021-10-08 06:46:37, mv ../math-and-code.mdx 10/03
2021-10-08 06:46:38, ls
2021-10-08 06:46:39, lt 3
2021-10-08 06:46:52, mkdir 09/30
2021-10-08 06:46:58, mv ../my-keyboard-2.mdx $_
2021-10-08 06:47:05, mkdir 09/28
2021-10-08 06:47:09, mv ../my-keyboard.mdx $_
2021-10-08 06:47:16, mkdir 09/21
2021-10-08 06:47:16, ls
2021-10-08 06:47:24, mv ../subtle-art-of-not-giving-a-fck.mdx 09/21
2021-10-08 06:47:29, ls
2021-10-08 06:47:40, rg title -A 5
2021-10-08 06:47:42, rg title -A 2
2021-10-08 06:47:46, rg title -A 1
2021-10-08 06:47:47, ct
2021-10-08 06:47:48, rg title -A 1
2021-10-08 06:47:54, man rg
2021-10-08 06:48:01, rg title -A 1 --max-depth 1
2021-10-08 06:48:02, ct
2021-10-08 06:48:03, rg title -A 1 --max-depth 1
2021-10-08 06:48:11, mkdir 08/04
2021-10-08 06:48:18, mkdir -p 08/04
2021-10-08 06:48:25, mv ../vim-1.mdx $_
2021-10-08 06:48:28, lt 3
2021-10-08 06:48:42, mv ../vim-sets.mdx 08/04
2021-10-08 06:48:47, mkdir 08/25
2021-10-08 06:48:53, mv 08/04/vim-1.mdx $_
2021-10-08 06:48:55, lt 3214
2021-10-08 06:49:01, rg title -A 1 --max-depth 1
2021-10-08 06:49:06, mkdir
2021-10-08 06:49:10, ct && rg title -A 1 --max-depth 1
2021-10-08 06:49:24, mkdir 10/01
2021-10-08 06:49:30, mv ../*3* $_
2021-10-08 06:49:32, lt 3
2021-10-08 06:49:38, mkdir 10/06
2021-10-08 06:49:45, mv ../vim-4.mdx $_
2021-10-08 06:49:52, mkdir 08/25
2021-10-08 06:49:56, ls
2021-10-08 06:49:58, lt
2021-10-08 06:50:05, cd 08/25
2021-10-08 06:50:05, ls
2021-10-08 06:50:06, vim vim-1.mdx
2021-10-08 06:50:08, ls
2021-10-08 06:50:16, out
2021-10-08 06:50:16, ls
2021-10-08 06:50:19, mkdir 26
2021-10-08 06:50:24, mv ../../vim-2.mdx .
2021-10-08 06:50:24, ls
2021-10-08 06:50:28, mv vim-2.mdx 26
2021-10-08 06:50:29, cd 26
2021-10-08 06:50:30, ls
2021-10-08 06:50:30, vim
2021-10-08 06:50:33, vim vim-2.mdx
2021-10-08 06:50:38, exit
2021-10-08 06:50:39, exit
2021-10-08 06:50:40, gs
2021-10-08 06:50:41, rep
2021-10-08 06:50:42, cd b
2021-10-08 06:50:42, ls
2021-10-08 06:50:43, gs
2021-10-08 06:50:43, gaa
2021-10-08 06:50:47, gcm 'moved all blog posts over'
2021-10-08 06:50:52, ls
2021-10-08 06:50:54, cd data/blog
2021-10-08 06:50:55, ls
2021-10-08 06:50:56, lt 4
2021-10-08 06:51:17, out
2021-10-08 06:51:17, out
2021-10-08 06:51:18, ls
2021-10-08 06:51:24, 2b
2021-10-08 06:51:34, fd | rg MDSX
2021-10-08 06:51:35, fd | rg MDX
2021-10-08 06:51:37, fd
2021-10-08 06:51:39, out
2021-10-08 06:51:40, fd | rg MDX
2021-10-08 06:51:44, mkdir components
2021-10-08 06:51:44, ls
2021-10-08 06:51:45, cd components
2021-10-08 06:51:46, ls
2021-10-08 06:51:51, vim mdx.js
2021-10-08 06:51:55, ls
2021-10-08 06:52:05, fd | rg MDX | xargs vim
2021-10-08 06:52:11, vim components/MDXComponents.js
2021-10-08 06:52:29, ls
2021-10-08 06:52:31, vim tailwind.config.js
2021-10-08 06:53:18, ls
2021-10-08 06:53:21, vim package.json
2021-10-08 06:53:33, rg font
2021-10-08 06:53:51, ls
2021-10-08 06:53:53, cd public
2021-10-08 06:53:53, ls
2021-10-08 06:53:54, cd fonts
2021-10-08 06:53:55, ls
2021-10-08 06:54:15, cd ~/Downloads
2021-10-08 06:54:15, ls
2021-10-08 06:54:18, unzip JetBrainsMono-2.242.zip
2021-10-08 06:54:19, ls
2021-10-08 06:54:21, cd fonts
2021-10-08 06:54:21, ls
2021-10-08 06:54:24, cd webfonts
2021-10-08 06:54:24, ls
2021-10-08 06:54:26, out
2021-10-08 06:54:26, out
2021-10-08 06:54:27, ls
2021-10-08 06:54:30, rm -rf fonts
2021-10-08 06:54:30, ls
2021-10-08 06:54:36, unzip JetBrainsMono-2.242.zip -d JetBrains
2021-10-08 06:54:37, ls
2021-10-08 06:54:38, cd JetBrains
2021-10-08 06:54:38, ls
2021-10-08 06:54:40, cd fonts
2021-10-08 06:54:40, ls
2021-10-08 06:54:43, cd variable
2021-10-08 06:54:44, ls
2021-10-08 06:54:46, out
2021-10-08 06:54:47, ls
2021-10-08 06:54:48, cd webfonts
2021-10-08 06:54:48, ls
2021-10-08 06:54:53, out
2021-10-08 06:54:53, ls
2021-10-08 06:55:05, mv webfonts ~/repos/b
2021-10-08 06:55:07, rep
2021-10-08 06:55:07, cd b
2021-10-08 06:55:07, ls
2021-10-08 06:55:09, mkdir public
2021-10-08 06:55:09, s
2021-10-08 06:55:10, lls
2021-10-08 06:55:11, ls
2021-10-08 06:55:12, cd public
2021-10-08 06:55:13, ls
2021-10-08 06:55:19, mv ../webfonts fonts
2021-10-08 06:55:19, ls
2021-10-08 06:55:20, cd fonts
2021-10-08 06:55:20, ls
2021-10-08 06:55:30, 2b
2021-10-08 06:55:30, ls
2021-10-08 06:55:32, rg font
2021-10-08 06:55:33, out
2021-10-08 06:55:34, rf fonts
2021-10-08 06:55:37, rg font
2021-10-08 06:55:52, rg Jet
2021-10-08 06:56:00, vim styles/global.css
2021-10-08 06:56:13, vim
2021-10-08 06:57:11, yd
2021-10-08 06:57:16, yd
2021-10-08 06:58:08, out
2021-10-08 06:58:09, cd b
2021-10-08 06:58:09, ls
2021-10-08 06:58:10, g
2021-10-08 06:58:12, ls
2021-10-08 06:59:20, 2b
2021-10-08 06:59:21, out
2021-10-08 06:59:23, vim tailwind.config.js
2021-10-08 06:59:36, yd
2021-10-08 07:01:44, yd
2021-10-08 07:02:23, cd ~/Downloads
2021-10-08 07:02:24, ls
2021-10-08 07:02:31, unzip Cousine.zip -d cousine
2021-10-08 07:02:32, cd cousine
2021-10-08 07:02:32, ls
2021-10-08 07:04:38, out
2021-10-08 07:04:42, unzip Fira_Code.zip -d fira
2021-10-08 07:04:47, cd fira
2021-10-08 07:04:47, ls
2021-10-08 07:04:49, cd static
2021-10-08 07:04:49, ls
2021-10-08 07:04:53, out
2021-10-08 07:04:53, out
2021-10-08 07:05:02, 2b
2021-10-08 07:05:02, ls
2021-10-08 07:05:04, out
2021-10-08 07:05:04, ls
2021-10-08 07:05:05, cd layouts
2021-10-08 07:05:05, ls
2021-10-08 07:05:06, vim blog.js
2021-10-08 07:06:26, out
2021-10-08 07:06:27, out
2021-10-08 07:06:27, cd b
2021-10-08 07:06:28, ls
2021-10-08 07:06:30, yarn add next-themes
2021-10-08 07:06:39, yd
2021-10-08 07:07:05, out
2021-10-08 07:07:06, 2b
2021-10-08 07:07:06, ls
2021-10-08 07:07:08, vim
2021-10-08 07:10:14, yd
2021-10-08 07:14:24, ls
2021-10-08 07:14:25, out
2021-10-08 07:14:26, ls
2021-10-08 07:14:28, cd layouts
2021-10-08 07:14:28, ls
2021-10-08 07:14:30, vim blog
2021-10-08 07:14:31, vim blog
2021-10-08 07:14:32, vim blog.js
2021-10-08 07:14:36, exit
2021-10-08 07:15:08, yd
2021-10-08 07:15:23, yd
2021-10-08 08:02:32, out
2021-10-08 08:02:33, out
2021-10-08 08:02:33, ls
2021-10-08 08:02:43, out
2021-10-08 08:03:13, npx create-next-app -e with-tailwindcss c
2021-10-08 08:03:58, ls
2021-10-08 08:04:00, cd c
2021-10-08 08:04:00, ls
2021-10-08 08:04:03, vim package
2021-10-08 08:04:06, vim package.json
2021-10-08 08:04:13, cd b
2021-10-08 08:04:15, vim package.json
2021-10-08 08:04:33, ls
2021-10-08 08:04:36, out
2021-10-08 08:04:36, ls
2021-10-08 08:04:38, cd c
2021-10-08 08:04:38, ld
2021-10-08 08:04:39, ls
2021-10-08 08:04:42, cd pages
2021-10-08 08:04:42, ls
2021-10-08 08:04:44, cd api
2021-10-08 08:04:44, ls
2021-10-08 08:04:45, vim hello.js
2021-10-08 08:04:48, out
2021-10-08 08:04:48, ls
2021-10-08 08:04:49, vim index.js
2021-10-08 08:04:56, ls
2021-10-08 08:04:59, vim _app.js
2021-10-08 08:05:21, ls
2021-10-08 08:05:22, out
2021-10-08 08:05:23, ls
2021-10-08 08:05:26, cd public
2021-10-08 08:05:27, ls
2021-10-08 08:05:28, out
2021-10-08 08:05:28, ls
2021-10-08 08:05:33, out
2021-10-08 08:05:33, ls
2021-10-08 08:05:34, cd
2021-10-08 08:05:37, cd repos/b
2021-10-08 08:05:37, ls
2021-10-08 08:05:39, vim package.json
2021-10-08 08:05:51, yarn remove glob
2021-10-08 08:05:54, vim package.json
2021-10-08 08:06:25, yarn remove rehype-autolink-headings
2021-10-08 08:06:29, rep
2021-10-08 08:06:30, cd b
2021-10-08 08:06:31, yarn remove rehype-autolink-headings
2021-10-08 08:06:48, yarn remove remark-code-titles
2021-10-08 08:06:52, yarn remove remark-slug
2021-10-08 08:06:55, exit
2021-10-08 08:07:00, ls
2021-10-08 08:07:01, vim
2021-10-08 08:07:07, out
2021-10-08 08:07:08, cd b
2021-10-08 08:07:08, ls
2021-10-08 08:07:15, vim tailwind.config.js
2021-10-08 08:07:18, rm .nvmrc
2021-10-08 08:07:19, ls
2021-10-08 08:07:20, yd
2021-10-08 08:07:29, vim
2021-10-08 08:09:20, vim
2021-10-08 08:11:11, yd
2021-10-08 08:12:28, yd
2021-10-08 08:13:01, npm install -D tailwindcss@latest postcss@latest autoprefixer@latest
2021-10-08 08:13:13, exit
2021-10-08 08:13:15, yd
2021-10-08 08:15:24, man npm
2021-10-08 08:15:35, npm help
2021-10-08 08:16:35, ls
2021-10-08 08:16:38, rm postcss.config.js
2021-10-08 08:16:39, ls
2021-10-08 08:16:41, rm tailwind.config.js
2021-10-08 08:16:41, ls
2021-10-08 08:16:49, npx tailwindcss init -p
2021-10-08 08:16:52, vim postcss.config.js
2021-10-08 08:16:55, ls
2021-10-08 08:16:57, vim tailwind.config.js
2021-10-08 08:17:20, ls
2021-10-08 08:17:22, vim
2021-10-08 08:18:14, yd
2021-10-08 08:18:33, yarn
2021-10-08 08:18:35, yd
2021-10-08 08:20:17, vim
2021-10-08 08:22:03, yd
2021-10-08 08:22:05, yd
2021-10-08 08:22:10, yd
2021-10-08 08:22:13, exit
2021-10-08 08:22:19, 2b
2021-10-08 08:22:21, cd ../../b
2021-10-08 08:22:22, ls
2021-10-08 08:22:22, yd
2021-10-08 08:22:33, yd
2021-10-08 08:34:01, yarn add prism-react-renderer
2021-10-08 08:34:04, yd
2021-10-08 08:34:26, yarn remove prism-react-renderer
2021-10-08 08:34:35, yarn add @mapbox/rehype-prism
2021-10-08 08:35:06, yd
2021-10-08 08:38:56, yd
2021-10-08 08:38:57, yarn add react-code-blocks
2021-10-08 08:39:11, yarn remove @mapbox/rehype-prism
2021-10-08 08:39:28, yd
2021-10-08 09:04:24, ls
2021-10-08 09:04:25, out
2021-10-08 09:04:25, ls
2021-10-08 09:04:54, git clone https
2021-10-08 09:05:31, ls
2021-10-08 09:05:33, mv l lr
2021-10-08 09:05:33, ls
2021-10-08 09:05:35, cd lr
2021-10-08 09:05:35, ls
2021-10-08 09:05:37, cd prisma
2021-10-08 09:05:38, ls
2021-10-08 09:05:40, vim schema.prisma
2021-10-08 09:05:44, ls
2021-10-08 09:05:45, out
2021-10-08 09:05:46, ls
2021-10-08 09:05:56, vim .env.example
2021-10-08 09:06:00, giti
2021-10-08 09:06:10, ls
2021-10-08 09:06:27, 2b
2021-10-08 09:06:28, ls
2021-10-08 09:06:28, out
2021-10-08 09:06:28, ls
2021-10-08 09:06:36, td
2021-10-08 09:06:37, yd
2021-10-08 09:07:28, cp ../p/blog.env.local .env.local
2021-10-08 09:07:29, yd
2021-10-08 09:07:40, ls
2021-10-08 09:07:55, cp .env.example .env.local
2021-10-08 09:08:06, vim .env.local
2021-10-08 09:08:15, ls
2021-10-08 09:08:19, gco .
2021-10-08 09:08:23, git clean
2021-10-08 09:08:26, git clean -f
2021-10-08 09:08:26, ls
2021-10-08 09:08:27, gs
2021-10-08 09:08:30, yarn
2021-10-08 09:09:06, exit
2021-10-08 13:05:17, ldwm
2021-10-08 13:05:26, exit
2021-10-08 13:09:22, ls
2021-10-08 13:09:25, cd repos
2021-10-08 13:09:25, ls
2021-10-08 13:09:26, out
2021-10-08 13:09:27, ls
2021-10-08 13:09:49, rm -rf mnt
2021-10-08 13:09:50, ls
2021-10-08 13:09:53, cd node_modules
2021-10-08 13:09:53, ls
2021-10-08 13:09:54, out
2021-10-08 13:09:55, ls
2021-10-08 13:10:01, cd .zoom
2021-10-08 13:10:01, ls
2021-10-08 13:10:03, out
2021-10-08 13:10:03, ls
2021-10-08 13:10:17, man yarn
2021-10-08 13:10:19, man npm
2021-10-08 13:10:26, ls
2021-10-08 13:10:30, cd repos
2021-10-08 13:10:30, ls
2021-10-08 13:10:31, cd lr
2021-10-08 13:10:31, ls
2021-10-08 13:10:31, yd
2021-10-08 13:10:43, rep
2021-10-08 13:10:44, cd lr
2021-10-08 13:10:45, ls
2021-10-08 13:11:21, gco -b khang
2021-10-08 13:11:22, ls
2021-10-08 13:11:53, 2b
2021-10-08 13:11:53, ls
2021-10-08 13:11:54, gs
2021-10-08 13:11:55, gl
2021-10-08 13:11:58, ls
2021-10-08 13:11:59, out
2021-10-08 13:12:00, out
2021-10-08 13:12:00, ls
2021-10-08 13:12:01, rm -rf lr
2021-10-08 13:12:05, rm -rf lr
2021-10-08 13:12:07, ls
2021-10-08 13:12:10, rm -rf c b
2021-10-08 13:12:12, ls
2021-10-08 13:12:15, cd minecraft
2021-10-08 13:12:15, lsgs
2021-10-08 13:12:16, ls
2021-10-08 13:12:16, gs
2021-10-08 13:12:17, out
2021-10-08 13:12:17, ls
2021-10-08 13:12:18, 2b
2021-10-08 13:12:18, ls
2021-10-08 13:12:19, out
2021-10-08 13:12:19, ls
2021-10-08 13:12:24, cd layouts
2021-10-08 13:12:25, ls
2021-10-08 13:12:26, vim blog.js
2021-10-08 13:12:52, 2b
2021-10-08 13:12:53, yd
2021-10-08 13:15:28, gs
2021-10-08 13:15:28, gaa
2021-10-08 13:15:30, gcm 'up'
2021-10-08 13:15:31, git push
2021-10-08 13:15:42, exit
2021-10-08 13:15:43, exit
2021-10-08 13:15:53, 2n
2021-10-08 13:15:54, 2u
2021-10-08 13:15:55, vim
2021-10-08 13:29:18, man rsync
2021-10-08 13:29:31, exit
2021-10-08 13:31:45, exit
2021-10-08 13:32:01, 2xz
2021-10-08 13:32:02, 2z
2021-10-08 13:32:03, vim history
2021-10-08 13:32:48, exit
2021-10-08 13:37:05, exit
2021-10-08 13:47:25, cd DO
2021-10-08 13:47:26, cd Downloads
2021-10-08 13:47:27, ls
2021-10-08 13:47:36, mkdir ../files/coaching-course
2021-10-08 13:47:36, ls
2021-10-08 13:47:43, mv 2021\ L1\ Coaching\ Course\ * ../files/coaching-course
2021-10-08 13:47:43, ls
2021-10-08 13:47:50, mv Indemnity.pdf ../files/coaching-course
2021-10-08 13:47:51, ls
2021-10-08 13:48:09, mv Certification\ of\ Fitness\ Form\ \(1\).pdf COU007_Indemnity\ Form\ PDF.pdf ../files/coaching-course
2021-10-08 13:48:10, out
2021-10-08 13:48:11, cd files
2021-10-08 13:48:12, ls
2021-10-08 13:48:14, cd coaching-course
2021-10-08 13:48:15, ls
2021-10-08 13:48:27, mv 2021\ L1\ Coaching\ Course\ Details\ \&\ Schedule.pdf details-and-schedule.pdf
2021-10-08 13:48:28, ls
2021-10-08 13:48:33, mv 2021\ L1\ Coaching\ Course\ Registration\ Procedures.pdf registration.pdf
2021-10-08 13:48:34, ls
2021-10-08 13:48:38, z details-and-schedule.pdf
2021-10-08 13:48:57, exit
2021-10-08 14:16:16, gs
2021-10-08 14:16:16, gaa
2021-10-08 14:16:20, gcm 'noted some math'
2021-10-08 14:16:21, git push
2021-10-08 14:16:25, ags
2021-10-08 14:16:27, 2z
2021-10-08 14:16:27, gs
2021-10-08 14:16:28, gaa
2021-10-08 14:16:29, gcm 'up'
2021-10-08 14:16:30, git push
2021-10-08 14:17:36, ls
2021-10-08 14:17:38, ./analyze
2021-10-08 14:17:39, ls
2021-10-08 14:17:54, vim analyze
2021-10-08 14:18:02, 2z
2021-10-08 14:18:03, los
2021-10-08 14:18:05, ./analyze
2021-10-08 14:18:06, ls
2021-10-08 14:18:07, vim history
2021-10-08 14:18:13, ./analyze
2021-10-08 14:18:52, ./analyze
2021-10-08 14:19:00, 2z
2021-10-08 14:19:02, vim history
2021-10-08 14:19:17, ./analyze
2021-10-08 14:19:20, vim
2021-10-08 14:19:22, vim history
2021-10-08 14:19:40, vim history
2021-10-08 14:19:42, ./analyze
2021-10-08 14:19:47, gs
2021-10-08 14:19:47, gaa
2021-10-08 14:19:48, gcm 'up'
2021-10-08 14:19:49, git push
2021-10-08 14:19:55, exit
2021-10-08 14:20:27, exit
2021-10-08 14:20:29, exit
2021-10-08 23:38:12, ldwm
2021-10-08 23:38:27, cd files/python/credit-suisse
2021-10-08 23:38:27, ls
2021-10-08 23:38:38, vim 3.py
2021-10-08 23:42:28, exit
2021-10-08 23:42:32, g
2021-10-08 23:42:38, g
2021-10-08 23:42:40, cd
2021-10-08 23:42:42, cd files/python/credit-suisse
2021-10-08 23:42:42, ls
2021-10-08 23:42:48, python 3.py < 3.txt
2021-10-08 23:43:08, python 3.py < 3.txt
2021-10-08 23:43:22, python 3.py < 3.txt
2021-10-08 23:43:40, python 3.py < 3.txt
2021-10-08 23:43:48, python 3.py < 3.txt
2021-10-08 23:47:31, python 3.py < 3.txt
2021-10-08 23:48:25, python 3.py < 3.txt
2021-10-08 23:48:34, python 3.py < 3.txt
2021-10-08 23:48:43, python 3.py < 3.txt
2021-10-08 23:48:50, python 3.py < 3.txt
2021-10-08 23:49:19, python 3.py < 3.txt
2021-10-08 23:49:24, python 3.py < 3.txt
2021-10-08 23:49:56, python 3.py < 3.txt
2021-10-08 23:51:15, python 3.py < 3.txt
2021-10-08 23:51:20, python 3.py < 3.txt
2021-10-08 23:53:35, python 3.py < 3.txt
2021-10-08 23:54:40, python 3.py < 3.txt
2021-10-08 23:54:50, python 3.py < 3.txt
2021-10-08 23:55:00, python 3.py < 3.txt
2021-10-08 23:58:09, python 3.py < 3.txt
2021-10-08 23:58:13, python 3.py < 3.txt
2021-10-08 23:58:28, python 3.py < 3.txt
2021-10-08 23:58:45, python 3.py < 3.txt
2021-10-08 23:59:05, python 3.py < 3.txt
2021-10-08 23:59:14, python 3.py < 3.txt
2021-10-08 23:59:28, python 3.py < 3.txt
2021-10-09 00:00:48, python 3.py < 3.txt
2021-10-09 00:00:55, python 3.py < 3.txt
2021-10-09 00:01:18, python 3.py < 3.txt
2021-10-09 00:01:43, python 3.py < 3.txt
2021-10-09 00:01:50, python 3.py < 3.txt
2021-10-09 00:02:04, python 3.py < 3.txt
2021-10-09 00:02:11, python 3.py < 3.txt
2021-10-09 00:41:33, exit
2021-10-09 00:52:43, 2u
2021-10-09 00:52:44, vim
2021-10-09 01:16:20, gs
2021-10-09 01:16:21, gaa
2021-10-09 01:16:26, gcm 'noted MA2001 3.6'
2021-10-09 01:16:27, git push
2021-10-09 01:16:30, vim
2021-10-09 02:54:38, ldwm
2021-10-09 02:54:42, exit
2021-10-09 03:12:13, ls
2021-10-09 03:12:16, 2g
2021-10-09 03:12:16, ls
2021-10-09 03:12:20, vim lower
2021-10-09 03:12:25, ls
2021-10-09 03:12:29, cd music
2021-10-09 03:12:29, ls
2021-10-09 03:12:31, cd listen
2021-10-09 03:12:31, sl
2021-10-09 03:12:32, ls
2021-10-09 03:12:42, fd
2021-10-09 03:12:53, vim ../../lower
2021-10-09 03:13:29, 2b
2021-10-09 03:13:29, ls
2021-10-09 03:13:30, 2g
2021-10-09 03:13:30, ls
2021-10-09 03:13:31, cd music
2021-10-09 03:13:32, ls
2021-10-09 03:13:33, cd listen
2021-10-09 03:13:33, ls
2021-10-09 03:14:15, ../../lower
2021-10-09 03:14:52, ls
2021-10-09 03:15:27, ../../new
2021-10-09 03:15:29, ../../lower
2021-10-09 03:15:36, ls
2021-10-09 03:15:38, ../../lower
2021-10-09 03:15:56, ../../lower
2021-10-09 03:16:01, ../../lower
2021-10-09 03:16:17, ls
2021-10-09 03:16:20, out
2021-10-09 03:16:20, out
2021-10-09 03:16:21, vim lower
2021-10-09 03:16:25, ../../lower
2021-10-09 03:16:42, man fd
2021-10-09 03:16:49, exit
2021-10-09 03:17:18, ls
2021-10-09 03:17:19, out
2021-10-09 03:17:20, ls
2021-10-09 03:17:21, out
2021-10-09 03:17:21, ls
2021-10-09 03:17:24, mkdir test
2021-10-09 03:17:25, cd test
2021-10-09 03:17:25, ls
2021-10-09 03:17:29, mkdir one
2021-10-09 03:17:32, touch Gold.asdf
2021-10-09 03:17:33, ls
2021-10-09 03:17:35, cd one
2021-10-09 03:17:35, ls
2021-10-09 03:17:38, touch Silver.asdf
2021-10-09 03:17:41, touch Bronze.asdf
2021-10-09 03:17:42, ls
2021-10-09 03:17:42, out
2021-10-09 03:17:43, ls
2021-10-09 03:17:45, touch Platinum.asdf
2021-10-09 03:17:46, ls
2021-10-09 03:17:51, cp one two
2021-10-09 03:17:52, cp one two -r
2021-10-09 03:17:52, ls
2021-10-09 03:17:55, out
2021-10-09 03:17:55, ls
2021-10-09 03:18:00, cp test test1 -r
2021-10-09 03:18:00, ls
2021-10-09 03:18:03, cd test1
2021-10-09 03:18:03, ls
2021-10-09 03:18:06, ../lower
2021-10-09 03:19:10, ../lower
2021-10-09 03:19:17, ../lower
2021-10-09 03:20:20, ../lower
2021-10-09 03:21:56, ../lower
2021-10-09 03:22:46, out
2021-10-09 03:22:46, ls
2021-10-09 03:22:48, cd Gauss
2021-10-09 03:22:48, ls
2021-10-09 03:22:57, mv lower old-lower
2021-10-09 03:22:58, ls
2021-10-09 03:22:59, vim lower
2021-10-09 03:23:10, python lower
2021-10-09 03:23:12, vim lower
2021-10-09 03:23:25, ./lower
2021-10-09 03:23:28, python lower
2021-10-09 03:23:30, vim lower
2021-10-09 03:23:50, ../lower
2021-10-09 03:24:01, ../lower
2021-10-09 03:24:43, ../lower
2021-10-09 03:24:51, ../lower
2021-10-09 03:25:12, ../lower
2021-10-09 03:26:34, ../lower
2021-10-09 03:26:44, ../lower
2021-10-09 03:26:57, ../lower
2021-10-09 03:27:06, ../lower
2021-10-09 03:27:24, ../lower
2021-10-09 03:27:36, ../lower
2021-10-09 03:27:51, ../lower
2021-10-09 03:27:57, ../lower
2021-10-09 03:28:28, ../lower
2021-10-09 03:28:33, ls
2021-10-09 03:28:34, out
2021-10-09 03:28:35, ls
2021-10-09 03:28:36, cd test
2021-10-09 03:28:36, ls
2021-10-09 03:28:38, cd one
2021-10-09 03:28:38, ls
2021-10-09 03:28:39, nnnt
2021-10-09 03:28:46, mv Bronze.asdf Bronze-one.asdf
2021-10-09 03:28:46, ls
2021-10-09 03:28:52, mv Silver.asdf Silver-one.asdf
2021-10-09 03:28:52, out
2021-10-09 03:28:53, ls
2021-10-09 03:28:54, cd two
2021-10-09 03:28:54, ls
2021-10-09 03:28:55, nnn
2021-10-09 03:29:03, ls
2021-10-09 03:29:04, out
2021-10-09 03:29:04, ls
2021-10-09 03:29:06, otu
2021-10-09 03:29:06, ls
2021-10-09 03:29:07, out
2021-10-09 03:29:07, ls
2021-10-09 03:29:11, rm -rf test1
2021-10-09 03:29:11, ls
2021-10-09 03:29:14, cp -r test test1
2021-10-09 03:29:15, cd test1
2021-10-09 03:29:15, ls
2021-10-09 03:29:17, ../lower
2021-10-09 03:29:45, ../lower
2021-10-09 03:29:59, ls
2021-10-09 03:30:04, out
2021-10-09 03:30:05, ls
2021-10-09 03:30:05, cd test
2021-10-09 03:30:06, ls
2021-10-09 03:30:07, cd one
2021-10-09 03:30:08, ls
2021-10-09 03:30:11, out
2021-10-09 03:30:14, ls
2021-10-09 03:30:15, out
2021-10-09 03:30:15, ls
2021-10-09 03:30:19, cd test-folder
2021-10-09 03:30:22, mkdir test-folder
2021-10-09 03:30:23, ls
2021-10-09 03:30:28, mv test1 test-
2021-10-09 03:30:37, mv test- test-folder/test-1
2021-10-09 03:30:38, ls
2021-10-09 03:30:43, cp -r test test-folder/test-2
2021-10-09 03:30:45, cd test-folder
2021-10-09 03:30:45, ls
2021-10-09 03:30:49, touch Metal.asdf
2021-10-09 03:30:50, ls
2021-10-09 03:30:52, ../lower
2021-10-09 03:31:35, ../lower
2021-10-09 03:31:46, ../lower
2021-10-09 03:32:27, ../lower
2021-10-09 03:32:53, ../lower
2021-10-09 03:33:03, ct && ../lower
2021-10-09 03:33:11, ct && ../lower
2021-10-09 03:33:19, ct && ../lower
2021-10-09 03:33:24, ct && ../lower
2021-10-09 03:33:34, ct && ../lower
2021-10-09 03:33:52, ct && ../lower
2021-10-09 03:34:02, ct && ../lower
2021-10-09 03:34:33, ct && ../lower
2021-10-09 03:34:48, ct && ../lower
2021-10-09 03:34:58, ct && ../lower
2021-10-09 03:35:21, ct && ../lower
2021-10-09 03:35:43, ct && ../lower
2021-10-09 03:36:11, ct && ../lower
2021-10-09 03:36:16, ct && ../lower
2021-10-09 03:36:28, ct && ../lower
2021-10-09 03:36:53, ct && ../lower
2021-10-09 03:37:26, ct && ../lower
2021-10-09 03:37:35, ct && ../lower
2021-10-09 03:37:47, ct && ../lower
2021-10-09 03:38:02, 2z
2021-10-09 03:38:03, vim analyze
2021-10-09 03:38:14, exit
2021-10-09 03:38:30, ct && ../lower
2021-10-09 03:38:39, ct && ../lower
2021-10-09 03:38:57, ct && ../lower
2021-10-09 03:39:48, ct && ../lower
2021-10-09 03:39:58, ct && ../lower
2021-10-09 03:40:23, ct && ../lower
2021-10-09 03:40:35, ct && ../lower
2021-10-09 03:40:58, 
2021-10-09 03:40:59, 
2021-10-09 03:41:01, ../lower
2021-10-09 03:41:09, ../lower
2021-10-09 03:41:16, ct && ../lower
2021-10-09 03:41:28, ct && ../lower
2021-10-09 03:42:04, ct && ../lower
2021-10-09 03:43:28, ls
2021-10-09 03:43:30, touch a.txt
2021-10-09 03:43:34, ../ren.py
2021-10-09 03:43:34, ls
2021-10-09 03:43:44, mv b.kml A.txt
2021-10-09 03:43:45, ls
2021-10-09 03:43:48, ../ren.py
2021-10-09 03:43:48, ls
2021-10-09 03:44:13, ls
2021-10-09 03:44:15, ../ren.py
2021-10-09 03:44:16, ls
2021-10-09 03:45:18, out
2021-10-09 03:45:18, ls
2021-10-09 03:45:23, cp -r test-folder test-folder2
2021-10-09 03:45:23, ls
2021-10-09 03:45:27, cd test-folder2
2021-10-09 03:45:28, ls
2021-10-09 03:45:31, rm a.txt
2021-10-09 03:45:32, ls
2021-10-09 03:46:05, ../lower
2021-10-09 03:46:09, lt 3
2021-10-09 03:46:31, out
2021-10-09 03:46:31, ls
2021-10-09 03:46:32, cd li
2021-10-09 03:46:35, cd music
2021-10-09 03:46:35, ls
2021-10-09 03:46:38, du -sh listen
2021-10-09 03:46:40, cd make
2021-10-09 03:46:41, ls
2021-10-09 03:46:44, out
2021-10-09 03:46:44, ls
2021-10-09 03:46:47, cd play
2021-10-09 03:46:47, ls
2021-10-09 03:46:49, cd guitar
2021-10-09 03:46:49, ls
2021-10-09 03:46:51, out
2021-10-09 03:46:52, ls
2021-10-09 03:46:55, ../../lower
2021-10-09 03:46:56, ls
2021-10-09 03:46:59, lt 4
2021-10-09 03:48:51, ../../lower
2021-10-09 03:48:56, ../../lower
2021-10-09 03:48:58, ls
2021-10-09 03:49:00, lt 5
2021-10-09 03:49:11, out
2021-10-09 03:49:11, ls
2021-10-09 03:49:14, cd make
2021-10-09 03:49:14, ls
2021-10-09 03:49:16, ../../lower
2021-10-09 03:49:32, lt 8
2021-10-09 03:49:41, ls
2021-10-09 03:49:53, cd another-day-of-sun.logicx
2021-10-09 03:49:54, ls
2021-10-09 03:49:57, lt
2021-10-09 03:49:59, lt 3
2021-10-09 03:49:59, ls
2021-10-09 03:50:10, out
2021-10-09 03:50:11, ls
2021-10-09 03:50:16, out
2021-10-09 03:50:16, ls
2021-10-09 03:50:19, cd listen
2021-10-09 03:50:19, ls
2021-10-09 03:50:21, ../../lower
2021-10-09 03:50:27, cd a-ha
2021-10-09 03:50:28, ls
2021-10-09 03:50:30, cd hunting-high-and-low
2021-10-09 03:50:30, ls
2021-10-09 03:50:36, rm *DS*
2021-10-09 03:50:37, ls
2021-10-09 03:50:45, rm ._.DS_Store*
2021-10-09 03:50:46, ls
2021-10-09 03:50:49, rm .DS_Store
2021-10-09 03:50:49, ls
2021-10-09 03:52:08, ../../../../lower
2021-10-09 03:52:09, ls
2021-10-09 03:52:11, out
2021-10-09 03:52:11, out
2021-10-09 03:52:12, ls
2021-10-09 03:52:15, ../../lower
2021-10-09 03:52:21, ../../lower
2021-10-09 03:52:22, ls
2021-10-09 03:52:26, cd animals-as-leaders
2021-10-09 03:52:26, ls
2021-10-09 03:52:29, ../../../lower
2021-10-09 03:52:31, ls
2021-10-09 03:52:32, lt 5
2021-10-09 03:52:34, ls
2021-10-09 03:52:39, out
2021-10-09 03:52:40, ls
2021-10-09 03:52:46, ../../lower
2021-10-09 03:53:02, cd animals-as-leaders
2021-10-09 03:53:02, ls
2021-10-09 03:53:10, cd animals-as-leaders
2021-10-09 03:53:10, ls
2021-10-09 03:53:34, out
2021-10-09 03:53:34, out
2021-10-09 03:53:40, mv animals-as-leaders aal
2021-10-09 03:53:44, ../../lower
2021-10-09 03:53:50, mv foo-fighters foo
2021-10-09 03:53:52, ../../lower
2021-10-09 03:53:56, mv suicide-silence ss
2021-10-09 03:53:59, ../../lower
2021-10-09 03:54:03, mv the-script ts
2021-10-09 03:54:06, ../../lower
2021-10-09 03:54:12, mv i-built-the-sky ibts
2021-10-09 03:54:13, ../../lower
2021-10-09 03:54:15, ls
2021-10-09 03:54:21, mv ss suicide-silence
2021-10-09 03:54:22, ls
2021-10-09 03:54:27, mv ts the-script
2021-10-09 03:54:27, ls
2021-10-09 03:54:33, mv foo foo-fighters
2021-10-09 03:54:33, ls
2021-10-09 03:54:39, mv aal animals-as-leaders
2021-10-09 03:54:40, ls
2021-10-09 03:54:49, mv ibts i-built-the-sky
2021-10-09 03:54:50, ls
2021-10-09 03:55:14, out
2021-10-09 03:55:14, out
2021-10-09 03:55:15, ls
2021-10-09 03:55:16, cd test
2021-10-09 03:55:17, ls
2021-10-09 03:55:18, out
2021-10-09 03:55:18, ls
2021-10-09 03:55:20, cd test-folder
2021-10-09 03:55:21, ls
2021-10-09 03:55:28, mkdir test-folder
2021-10-09 03:55:28, ls
2021-10-09 03:55:30, cd test-
2021-10-09 03:55:31, cd test-folder
2021-10-09 03:55:32, touch gold
2021-10-09 03:55:33, ls
2021-10-09 03:55:34, out
2021-10-09 03:55:36, out
2021-10-09 03:55:36, ls
2021-10-09 03:55:40, mkdir ulti-test
2021-10-09 03:55:40, ls
2021-10-09 03:55:44, mv test-folder ulti-test
2021-10-09 03:55:44, ls
2021-10-09 03:55:45, cd ulti-test
2021-10-09 03:55:46, ../lower
2021-10-09 03:56:08, ../lower
2021-10-09 03:57:01, ../lower
2021-10-09 03:57:06, out
2021-10-09 03:57:07, ls
2021-10-09 03:57:08, cd music
2021-10-09 03:57:08, ls
2021-10-09 03:57:11, cd listen
2021-10-09 03:57:11, ls
2021-10-09 03:57:13, ../../lower
2021-10-09 03:57:17, ls
2021-10-09 03:57:20, lt 3
2021-10-09 03:57:38, ls
2021-10-09 03:58:06, fd . -d 1 | rg "[A-Z"
2021-10-09 03:58:08, fd . -d 1 | rg "[A-Z]"
2021-10-09 03:58:11, touch Gold
2021-10-09 03:58:12, fd . -d 1 | rg "[A-Z]"
2021-10-09 03:58:14, rm Gold
2021-10-09 03:58:14, ls
2021-10-09 03:58:18, fd . | rg "[A-Z]"
2021-10-09 03:58:22, fd .
2021-10-09 03:58:24, fd . | rg "[A-Z]"
2021-10-09 03:58:51, ls
2021-10-09 03:58:52, out
2021-10-09 03:58:52, ls
2021-10-09 03:58:54, cd make
2021-10-09 03:58:55, ls
2021-10-09 03:58:57, ../../lower
2021-10-09 03:59:10, fd . | rg "[A-Z]"
2021-10-09 03:59:13, fd .
2021-10-09 03:59:16, out
2021-10-09 03:59:17, out
2021-10-09 03:59:17, ls
2021-10-09 03:59:19, cd music
2021-10-09 03:59:19, ls
2021-10-09 03:59:20, cd play
2021-10-09 03:59:21, ls
2021-10-09 03:59:25, fd . | rg "[A-Z]"
2021-10-09 03:59:28, fd .
2021-10-09 03:59:31, out
2021-10-09 03:59:31, out
2021-10-09 03:59:32, ls
2021-10-09 03:59:33, cd photos
2021-10-09 03:59:33, ls
2021-10-09 03:59:37, ../lower
2021-10-09 03:59:40, fd .
2021-10-09 03:59:46, fd . | rg "[A-Z]"
2021-10-09 03:59:46, ls
2021-10-09 03:59:49, out
2021-10-09 03:59:49, ls
2021-10-09 03:59:52, cd videos
2021-10-09 03:59:52, ls
2021-10-09 03:59:54, ../lower
2021-10-09 04:00:00, ls
2021-10-09 04:00:03, fd . | rg "[A-Z]"
2021-10-09 04:00:04, ls
2021-10-09 04:00:05, out
2021-10-09 04:00:05, ls
2021-10-09 04:00:07, cd archive
2021-10-09 04:00:07, ls
2021-10-09 04:00:09, ../lower
2021-10-09 04:06:27, ls
2021-10-09 04:06:29, fd .
2021-10-09 04:06:36, fd . | rg "[A-Z]"
2021-10-09 04:06:44, out
2021-10-09 04:06:45, ls
2021-10-09 04:06:51, fd . | rg "--"
2021-10-09 04:07:04, fd . | rg "\-\-"
2021-10-09 04:07:18, ls
2021-10-09 04:07:21, cd archive
2021-10-09 04:07:21, ls
2021-10-09 04:07:25, fd . | rg "[A-Z]"
2021-10-09 04:07:29, out
2021-10-09 04:07:29, ls
2021-10-09 04:07:31, cd minecraft
2021-10-09 04:07:31, ls
2021-10-09 04:07:32, out
2021-10-09 04:07:32, ls
2021-10-09 04:07:41, rm old-lower ren.py
2021-10-09 04:07:41, ls
2021-10-09 04:09:30, ../lower
2021-10-09 04:09:31, ls
2021-10-09 04:09:33, ./lower
2021-10-09 04:09:43, ./lower
2021-10-09 04:09:59, ./lower
2021-10-09 04:10:37, ./lower
2021-10-09 04:10:55, ./lower
2021-10-09 04:11:01, ./lower
2021-10-09 04:11:08, ./lower
2021-10-09 04:11:47, ./lower
2021-10-09 04:11:56, ./lower
2021-10-09 04:12:16, ./lower
2021-10-09 04:13:10, ./lower
2021-10-09 04:13:21, ./lower
2021-10-09 04:13:29, ./lower
2021-10-09 04:13:59, ./lower
2021-10-09 04:14:33, ./lower
2021-10-09 04:14:52, ls
2021-10-09 04:14:53, cd photos
2021-10-09 04:14:54, ls
2021-10-09 04:14:56, cd hk-
2021-10-09 04:15:00, cd hk-canoeing-2017
2021-10-09 04:15:00, ls
2021-10-09 04:15:02, cd water-day-
2021-10-09 04:15:04, cd water-day-2
2021-10-09 04:15:04, ls
2021-10-09 04:15:07, out
2021-10-09 04:15:07, out
2021-10-09 04:15:07, ls
2021-10-09 04:15:10, cd hk-oe-2017
2021-10-09 04:15:10, ls
2021-10-09 04:15:12, cd day-1-stage-1
2021-10-09 04:15:13, ls
2021-10-09 04:15:17, 2g
2021-10-09 04:15:19, ls
2021-10-09 04:15:20, cd archive
2021-10-09 04:15:20, ls
2021-10-09 04:15:21, cd google-takeout
2021-10-09 04:15:22, ls
2021-10-09 04:15:24, cd 2020-05-02
2021-10-09 04:15:24, ls
2021-10-09 04:15:31, cd google-photos
2021-10-09 04:15:31, ls
2021-10-09 04:15:39, cd hk-100-route
2021-10-09 04:15:40, ls
2021-10-09 04:15:45, out
2021-10-09 04:15:46, out
2021-10-09 04:15:46, out
2021-10-09 04:15:47, out
2021-10-09 04:15:47, out
2021-10-09 04:15:49, ./lower
2021-10-09 04:15:56, ls
2021-10-09 04:15:58, cd archive
2021-10-09 04:15:58, ls
2021-10-09 04:15:59, cd google-takeout
2021-10-09 04:15:59, ls
2021-10-09 04:16:00, cd 202
2021-10-09 04:16:03, cd 2020-05-02
2021-10-09 04:16:03, ls
2021-10-09 04:16:04, cd google-photos
2021-10-09 04:16:05, ls
2021-10-09 04:16:11, cd youtube-channel-art
2021-10-09 04:16:12, ls
2021-10-09 04:16:14, out
2021-10-09 04:16:14, ls
2021-10-09 04:16:20, cd 2018-01-02
2021-10-09 04:16:21, ls
2021-10-09 04:16:22, out
2021-10-09 04:16:22, out
2021-10-09 04:16:23, out
2021-10-09 04:16:23, ls
2021-10-09 04:16:24, out
2021-10-09 04:16:25, ls
2021-10-09 04:16:29, cd japan-2019
2021-10-09 04:16:29, ls
2021-10-09 04:16:32, cd 7-kyoto/kyoto-tl-
2021-10-09 04:16:34, cd 7-kyoto/
2021-10-09 04:16:34, ls
2021-10-09 04:16:37, out
2021-10-09 04:16:37, out
2021-10-09 04:16:38, out
2021-10-09 04:16:39, ls
2021-10-09 04:17:48, ./lower
2021-10-09 04:17:58, ./lower
2021-10-09 04:18:56, ./lower
2021-10-09 04:19:03, ./lower
2021-10-09 04:19:46, ./lower
2021-10-09 04:20:23, ./lower
2021-10-09 04:20:28, ./lower
2021-10-09 04:20:44, ./lower
2021-10-09 04:20:51, ./lower
2021-10-09 04:21:24, ls
2021-10-09 04:21:26, cd photos
2021-10-09 04:21:27, ls
2021-10-09 04:21:28, cd spotify-arts
2021-10-09 04:21:29, ls
2021-10-09 04:23:08, ls
2021-10-09 04:23:09, out
2021-10-09 04:23:09, ls
2021-10-09 04:23:10, out
2021-10-09 04:23:10, ls
2021-10-09 04:23:13, cd p
2021-10-09 04:23:13, ls
2021-10-09 04:23:15, cd password-store
2021-10-09 04:23:15, ls
2021-10-09 04:23:22, cd hooks
2021-10-09 04:23:22, ls
2021-10-09 04:23:25, out
2021-10-09 04:23:25, out
2021-10-09 04:23:26, out
2021-10-09 04:23:26, ls
2021-10-09 04:23:32, 2p
2021-10-09 04:23:32, ls
2021-10-09 04:23:33, 2ps
2021-10-09 04:23:34, 2.
2021-10-09 04:23:41, 2p
2021-10-09 04:23:43, 2pw
2021-10-09 04:23:43, ls
2021-10-09 04:23:44, gs
2021-10-09 04:23:51, git remote -v
2021-10-09 04:23:55, ls
2021-10-09 04:23:56, cd p
2021-10-09 04:23:56, ls
2021-10-09 04:23:57, cd key
2021-10-09 04:23:57, ls
2021-10-09 04:23:59, out
2021-10-09 04:23:59, ls
2021-10-09 04:24:01, cd password-store
2021-10-09 04:24:01, ls
2021-10-09 04:24:02, out
2021-10-09 04:24:02, ls
2021-10-09 04:24:21, cd ssh
2021-10-09 04:24:22, ls
2021-10-09 04:24:24, cd .git
2021-10-09 04:24:25, ls
2021-10-09 04:24:26, out
2021-10-09 04:24:26, ls
2021-10-09 04:24:28, out
2021-10-09 04:24:28, ls
2021-10-09 04:24:36, cd password-store
2021-10-09 04:24:36, ls
2021-10-09 04:24:40, vim HEAD
2021-10-09 04:24:42, ls
2021-10-09 04:24:43, out
2021-10-09 04:24:43, out
2021-10-09 04:24:43, ls
2021-10-09 04:24:50, 2g
2021-10-09 04:24:52, vim lower
2021-10-09 04:25:06, ls
2021-10-09 04:25:07, out
2021-10-09 04:25:07, ls
2021-10-09 04:25:08, cd Gauss
2021-10-09 04:25:09, ls
2021-10-09 04:25:09, cd p
2021-10-09 04:25:10, ls
2021-10-09 04:25:11, cd password-store
2021-10-09 04:25:12, ls
2021-10-09 04:25:19, out
2021-10-09 04:25:19, out
2021-10-09 04:25:20, ls
2021-10-09 04:25:39, rm -rf test test-folder2 ulti-test
2021-10-09 04:25:39, ls
2021-10-09 04:26:18, gs
2021-10-09 04:26:19, ls
2021-10-09 04:26:27, out
2021-10-09 04:26:33, 2g
2021-10-09 04:26:34, ls
2021-10-09 04:26:36, cd videos
2021-10-09 04:26:36, ls
2021-10-09 04:26:38, cd movies
2021-10-09 04:26:38, ls
2021-10-09 04:26:46, ls
2021-10-09 04:26:47, out
2021-10-09 04:26:47, ls
2021-10-09 04:26:49, cd cycling
2021-10-09 04:26:49, ls
2021-10-09 04:26:59, cd 2021-01-31
2021-10-09 04:26:59, ls
2021-10-09 04:27:04, vlc .
2021-10-09 04:29:26, ls
2021-10-09 04:29:27, out
2021-10-09 04:29:27, ls
2021-10-09 04:29:32, out
2021-10-09 04:29:32, ls
2021-10-09 04:29:34, exit
2021-10-09 04:29:36, exit
2021-10-09 04:29:47, 2g
2021-10-09 04:29:47, ls
2021-10-09 04:30:08, git init
2021-10-09 04:30:09, gl
2021-10-09 04:30:10, gs
2021-10-09 04:30:13, gaa
2021-10-09 04:39:18, ls
2021-10-09 04:39:20, rm -rf .git
2021-10-09 04:39:22, ls
2021-10-09 04:39:24, git init
2021-10-09 04:39:31, git add --all --verbose
2021-10-09 06:19:39, ls
2021-10-09 06:19:40, rm -rf .git
2021-10-09 06:19:48, ls
2021-10-09 06:20:28, ls
2021-10-09 06:20:32, exit
2021-10-09 06:22:49, exit
2021-10-09 06:22:53, ldwm
2021-10-09 06:22:58, ddisp
2021-10-09 06:23:03, 2g
2021-10-09 06:23:03, ls
2021-10-09 06:23:04, out
2021-10-09 06:23:06, umount Gauss
2021-10-09 06:23:10, exit
2021-10-09 06:23:57, exit
2021-10-09 06:24:01, 2m
2021-10-09 06:24:02, ls
2021-10-09 06:24:03, ./start
2021-10-09 08:00:04, 2m
2021-10-09 08:00:04, ls
2021-10-09 08:00:05, gs
2021-10-09 08:00:14, git add --all --verbose
2021-10-09 08:00:24, gcm
2021-10-09 08:01:08, gl
2021-10-09 08:01:13, gca
2021-10-09 08:01:18, gl
2021-10-09 08:01:22, git push
2021-10-09 08:01:43, ls
2021-10-09 08:01:45, ls
2021-10-09 08:01:45, ls
2021-10-09 08:01:45, ls
2021-10-09 08:05:00, 2u
2021-10-09 08:05:01, ls
2021-10-09 08:05:02, vim did.md
2021-10-09 08:05:19, can
2021-10-09 08:05:20, cal
2021-10-09 08:05:22, exit
2021-10-09 08:06:10, gs
2021-10-09 08:06:14, ga 1
2021-10-09 08:06:15, gcm 'up to'
2021-10-09 08:06:16, git push
2021-10-09 08:07:29, 2u
2021-10-09 08:07:30, ls
2021-10-09 08:07:35, cd pdfs
2021-10-09 08:07:35, ls
2021-10-09 08:07:37, cd tutorial-sets
2021-10-09 08:07:37, ls
2021-10-09 08:07:48, mv ~/Downloads/Tut6.pdf ts-6.pdf
2021-10-09 08:07:48, ls
2021-10-09 08:07:52, out
2021-10-09 08:07:52, ls
2021-10-09 08:07:54, out
2021-10-09 08:07:54, ls
2021-10-09 08:07:55, cd work
2021-10-09 08:07:55, ls
2021-10-09 08:07:59, mkdir hw-3
2021-10-09 08:08:00, ls
2021-10-09 08:08:02, cd hw-3
2021-10-09 08:08:03, ls
2021-10-09 08:08:07, lt ../
2021-10-09 08:08:13, touch 1.md
2021-10-09 08:08:14, ls
2021-10-09 08:08:15, gs
2021-10-09 08:08:18, ga 2 3
2021-10-09 08:08:25, gcm 'started MA1100 hw-3'
2021-10-09 08:08:26, git push
2021-10-09 08:20:46, ls
2021-10-09 08:20:55, cdisp
2021-10-09 08:21:25, ls
2021-10-09 08:21:28, vim 1.md
2021-10-09 08:22:58, ls
2021-10-09 08:23:01, mv 1.md index.md
2021-10-09 08:23:02, ls
2021-10-09 08:23:02, vim index.md
2021-10-09 08:23:17, 2u
2021-10-09 08:23:18, vim
2021-10-09 10:33:01, exit
2021-10-09 10:33:02, 2m
2021-10-09 10:33:02, ls
2021-10-09 10:33:03, vim info
2021-10-09 10:35:53, mv info info.md
2021-10-09 10:35:54, vim info.md
2021-10-09 12:48:26, out
2021-10-09 12:48:36, 2g
2021-10-09 12:48:39, 2g
2021-10-09 12:48:40, 2g
2021-10-09 12:48:40, 2g
2021-10-09 12:48:40, 2g
2021-10-09 12:48:41, 2g
2021-10-09 12:48:41, 2g
2021-10-09 12:48:42, 2g
2021-10-09 12:48:42, 2g
2021-10-09 12:48:43, 2g
2021-10-09 12:48:44, ls
2021-10-09 12:48:45, cd archive
2021-10-09 12:48:46, ls
2021-10-09 12:48:51, cd education
2021-10-09 12:48:51, ls
2021-10-09 12:48:53, cd hci
2021-10-09 12:48:53, ls
2021-10-09 12:48:54, cd 24hr
2021-10-09 12:48:55, ls
2021-10-09 12:48:59, ls | less
2021-10-09 12:49:08, ll
2021-10-09 12:49:31, cd grant-applications
2021-10-09 12:49:31, ls
2021-10-09 12:49:33, lt
2021-10-09 12:49:42, fd | rg budget
2021-10-09 12:49:51, cd do-good-fund
2021-10-09 12:49:52, ls
2021-10-09 12:49:57, cd do-good-fund-reply-3-\(11-feb\)
2021-10-09 12:49:57, ls
2021-10-09 12:50:00, cd actual-sub
2021-10-09 12:50:01, ls
2021-10-09 12:50:03, z budget-income-expenditure-sheet.pdf
2021-10-09 12:50:13, ls
2021-10-09 12:50:15, z proposal.pdf
2021-10-09 12:50:36, ls
2021-10-09 12:50:38, z application.pdf
2021-10-09 12:51:00, ls
2021-10-09 14:39:11, n
2021-10-09 15:08:31, exit
2021-10-09 15:08:40, gs
2021-10-09 15:08:42, gaa
2021-10-09 15:08:47, gcm 'did some MA1100 hw-3'
2021-10-09 15:08:48, git push
2021-10-09 15:08:52, 2g
2021-10-09 15:08:53, out
2021-10-09 15:08:56, umount Gauss
2021-10-09 15:09:24, eject
2021-10-09 15:09:27, exit
2021-10-09 15:09:31, ags
2021-10-09 15:09:34, 2z
2021-10-09 15:09:34, gs
2021-10-09 15:09:35, ./analyze
2021-10-09 15:09:36, gs
2021-10-09 15:09:37, gaa
2021-10-09 15:09:38, gcm 'up'
2021-10-09 15:09:39, git push
2021-10-09 15:09:55, ags
2021-10-09 15:09:57, 2m
2021-10-09 15:09:57, gs
2021-10-09 15:09:58, gaa
2021-10-09 15:10:01, gcm 'updated info'
2021-10-09 15:10:02, git push
2021-10-09 15:11:18, exit
2021-10-09 15:14:05, exit
2021-10-09 15:14:48, ags
2021-10-09 15:14:52, 2z
2021-10-09 15:14:53, vim
2021-10-09 15:15:05, ls
2021-10-09 15:15:11, rg "function \w"
2021-10-09 15:15:29, exit
2021-10-10 03:14:32, ldwm
2021-10-10 03:14:43, ags
2021-10-10 03:15:43, vim com
2021-10-10 03:15:44, ls
2021-10-10 03:15:45, 2z
2021-10-10 03:15:45, ls
2021-10-10 03:15:46, vim commands.csv
2021-10-10 03:17:30, 2u
2021-10-10 03:17:31, vim
2021-10-10 03:17:36, vim
2021-10-10 03:28:18, gs
2021-10-10 03:28:19, gaa
2021-10-10 03:28:27, gcm 'done with MA1100 hw-3 H2'
2021-10-10 03:28:27, git push
2021-10-10 03:28:32, ls
2021-10-10 03:30:30, 2u
2021-10-10 03:30:31, vim
2021-10-10 03:30:35, vim
2021-10-10 03:31:27, libinput
2021-10-10 03:31:32, ls
2021-10-10 03:31:52, ls
2021-10-10 03:31:53, vim
2021-10-10 05:00:33, gs
2021-10-10 05:00:34, gaa
2021-10-10 05:00:39, gcm 'done MA1100 hw-3 H3'
2021-10-10 05:00:40, git push
2021-10-10 05:00:53, exit
2021-10-10 05:01:44, exit
2021-10-10 05:03:13, alsamixer
2021-10-10 05:03:35, exit
2021-10-10 05:14:45, ls
2021-10-10 05:14:48, 2u
2021-10-10 05:14:50, g
2021-10-10 05:14:57, ls
2021-10-10 05:15:00, z tutorial-group-presentation.pdf
2021-10-10 05:59:02, exit
2021-10-10 06:03:33, killall zoom
2021-10-10 06:03:34, exit
2021-10-10 07:05:22, exit
2021-10-10 07:05:37, exit
2021-10-10 07:09:47, ddisp
2021-10-10 07:10:01, exit
2021-10-10 07:10:04, 2m
2021-10-10 07:10:05, ./start
2021-10-10 07:14:32, 2m
2021-10-10 07:14:33, vim info.md
2021-10-10 08:55:56, exit
2021-10-10 08:56:04, exit
2021-10-10 08:59:14, 2m
2021-10-10 08:59:15, gs
2021-10-10 08:59:17, gaa
2021-10-10 08:59:22, gcm
2021-10-10 09:00:02, git push
2021-10-10 09:00:28, ags
2021-10-10 09:00:31, 2z
2021-10-10 09:00:31, gs
2021-10-10 09:00:33, ./analyze
